,name,position,team,bye_week,points,points_actual,year,difference,pos_med,pos_min,var,pred_mean,pred_variance,mean_error,var_error,mean_actual,lambda,adjusted_pts
0,Washington. Commanders,DEF,WAS,9.0,108.0,101.0,2021,-7.0,101.0,81.0,27.0,100.0,62.25531914893616,26.520833333333332,574.6804078014185,126.52083333333333,0.9022580827000956,107.21806466160076
1,Pittsburgh. Steelers,DEF,PIT,7.0,101.0,128.0,2021,27.0,101.0,81.0,20.0,100.0,62.25531914893616,26.520833333333332,574.6804078014185,126.52083333333333,0.9022580827000956,100.9022580827001
2,Minnesota. Vikings,DEF,MIN,7.0,100.0,135.0,2021,35.0,101.0,81.0,19.0,100.0,62.25531914893616,26.520833333333332,574.6804078014185,126.52083333333333,0.9022580827000956,100.0
3,Arizona. Cardinals,DEF,ARI,12.0,97.0,145.0,2021,48.0,101.0,81.0,16.0,100.0,62.25531914893616,26.520833333333332,574.6804078014185,126.52083333333333,0.9022580827000956,97.29322575189971
4,Kansas City. Chiefs,DEF,KC,12.0,96.0,147.0,2021,51.0,101.0,81.0,15.0,100.0,62.25531914893616,26.520833333333332,574.6804078014185,126.52083333333333,0.9022580827000956,96.39096766919963
5,New York. Giants,DEF,NYG,10.0,93.0,99.0,2021,6.0,101.0,81.0,12.0,100.0,62.25531914893616,26.520833333333332,574.6804078014185,126.52083333333333,0.9022580827000956,93.68419342109934
6,Tennessee. Titans,DEF,TEN,13.0,92.0,134.0,2021,42.0,101.0,81.0,11.0,100.0,62.25531914893616,26.520833333333332,574.6804078014185,126.52083333333333,0.9022580827000956,92.78193533839924
7,Carolina. Panthers,DEF,CAR,13.0,87.0,102.0,2021,15.0,101.0,81.0,6.0,100.0,62.25531914893616,26.520833333333332,574.6804078014185,126.52083333333333,0.9022580827000956,88.27064492489876
8,Cincinnati. Bengals,DEF,CIN,10.0,85.0,125.0,2021,40.0,101.0,81.0,4.0,100.0,62.25531914893616,26.520833333333332,574.6804078014185,126.52083333333333,0.9022580827000956,86.46612875949857
9,New York. Jets,DEF,NYJ,6.0,81.0,70.0,2021,-11.0,101.0,81.0,0.0,100.0,62.25531914893616,26.520833333333332,574.6804078014185,126.52083333333333,0.9022580827000956,82.85709642869818
10,Las Vegas. Raiders,DEF,LV,8.0,81.0,76.0,2021,-5.0,101.0,81.0,0.0,100.0,62.25531914893616,26.520833333333332,574.6804078014185,126.52083333333333,0.9022580827000956,82.85709642869818
11,Atlanta. Falcons,DEF,ATL,6.0,81.0,76.0,2021,-5.0,101.0,81.0,0.0,100.0,62.25531914893616,26.520833333333332,574.6804078014185,126.52083333333333,0.9022580827000956,82.85709642869818
12,J. Myers,K,SEA,9.0,95.0,95.0,2021,0.0,92.5,83.0,12.0,94.16666666666667,53.80141843971625,11.041666666666666,2135.1471631205677,105.20833333333333,0.9754213420575798,94.97951778504799
13,Y. Koo,K,ATL,6.0,91.0,123.0,2021,32.0,92.5,83.0,8.0,94.16666666666667,53.80141843971625,11.041666666666666,2135.1471631205677,105.20833333333333,0.9754213420575798,91.07783241681767
14,M. Prater,K,ARI,12.0,91.0,145.0,2021,54.0,92.5,83.0,8.0,94.16666666666667,53.80141843971625,11.041666666666666,2135.1471631205677,105.20833333333333,0.9754213420575798,91.07783241681767
15,Q. Nordin,K,NE,14.0,90.0,0.0,2021,-90.0,92.5,83.0,7.0,94.16666666666667,53.80141843971625,11.041666666666666,2135.1471631205677,105.20833333333333,0.9754213420575798,90.10241107476008
16,M. Crosby,K,GB,13.0,89.0,123.0,2021,34.0,92.5,83.0,6.0,94.16666666666667,53.80141843971625,11.041666666666666,2135.1471631205677,105.20833333333333,0.9754213420575798,89.12698973270251
17,T. Vizcaino,K,LAC,7.0,89.0,23.0,2021,-66.0,92.5,83.0,6.0,94.16666666666667,53.80141843971625,11.041666666666666,2135.1471631205677,105.20833333333333,0.9754213420575798,89.12698973270251
18,M. Badgley,K,IND,14.0,89.0,97.0,2021,8.0,92.5,83.0,6.0,94.16666666666667,53.80141843971625,11.041666666666666,2135.1471631205677,105.20833333333333,0.9754213420575798,89.12698973270251
19,J. Sanders,K,MIA,14.0,89.0,106.0,2021,17.0,92.5,83.0,6.0,94.16666666666667,53.80141843971625,11.041666666666666,2135.1471631205677,105.20833333333333,0.9754213420575798,89.12698973270251
20,J. Sanders,K,MIA,14.0,89.0,0.0,2021,-89.0,92.5,83.0,6.0,94.16666666666667,53.80141843971625,11.041666666666666,2135.1471631205677,105.20833333333333,0.9754213420575798,89.12698973270251
21,R. Gould,K,SF,6.0,89.0,108.0,2021,19.0,92.5,83.0,6.0,94.16666666666667,53.80141843971625,11.041666666666666,2135.1471631205677,105.20833333333333,0.9754213420575798,89.12698973270251
22,R. Blankenship,K,IND,14.0,86.0,41.0,2021,-45.0,92.5,83.0,3.0,94.16666666666667,53.80141843971625,11.041666666666666,2135.1471631205677,105.20833333333333,0.9754213420575798,86.20072570652977
23,C. McLaughlin,K,CLE,13.0,86.0,86.0,2021,0.0,92.5,83.0,3.0,94.16666666666667,53.80141843971625,11.041666666666666,2135.1471631205677,105.20833333333333,0.9754213420575798,86.20072570652977
24,K. Vedvik,"K, P",,,0.0,0.0,2021,0.0,0.0,0.0,0.0,5.666666666666667,68.0,-2.888888888888889,135.36111111111114,2.7777777777777777,0.6656194508946865,1.8948231115967764
25,R. Santoso,"K, P - LAR(11)",,,82.0,15.0,2021,-67.0,82.0,82.0,0.0,82.0,,-67.0,,15.0,,
26,M. Ammendola,"K, P - NYJ(6)",,,61.0,48.0,2021,-13.0,61.0,61.0,0.0,61.0,,-13.0,,48.0,,
27,M. Wile,"P, K",,,0.0,0.0,2021,0.0,0.0,0.0,0.0,0.0,0.0,4.25,100.75000000000001,4.25,1.0,0.0
28,T. Long,"P, K - LAC(7)",,,0.0,0.0,2021,0.0,0.0,0.0,0.0,0.0,,0.0,,0.0,,
29,B. Wright,"P, K - LAR(11)",,,0.0,30.0,2021,30.0,0.0,0.0,0.0,0.0,0.0,15.0,450.0,15.0,1.0,0.0
30,B. Wright,"P, K - LAR(11)",,,0.0,0.0,2021,0.0,0.0,0.0,0.0,0.0,0.0,15.0,450.0,15.0,1.0,0.0
31,M. Palardy,"P, K - MIA(14)",,,0.0,0.0,2021,0.0,0.0,0.0,0.0,0.0,,0.0,,0.0,,
32,D. Jones,QB,NYG,10.0,307.0,167.0,2021,-140.0,307.0,157.0,150.0,296.3541666666667,3200.105939716308,-127.9375,15467.464095744686,168.41666666666666,0.8285740493466812,305.17502790033654
33,T. Lance,QB,SF,6.0,307.0,67.0,2021,-240.0,307.0,157.0,150.0,296.3541666666667,3200.105939716308,-127.9375,15467.464095744686,168.41666666666666,0.8285740493466812,305.17502790033654
34,J. Fields,QB,CHI,10.0,298.0,125.0,2021,-173.0,307.0,157.0,141.0,296.3541666666667,3200.105939716308,-127.9375,15467.464095744686,168.41666666666666,0.8285740493466812,297.71786145621644
35,B. Mayfield,QB,CLE,13.0,295.0,188.0,2021,-107.0,307.0,157.0,138.0,296.3541666666667,3200.105939716308,-127.9375,15467.464095744686,168.41666666666666,0.8285740493466812,295.2321393081764
36,M. Ryan,QB,ATL,6.0,283.0,224.0,2021,-59.0,307.0,157.0,126.0,296.3541666666667,3200.105939716308,-127.9375,15467.464095744686,168.41666666666666,0.8285740493466812,285.2892507160162
37,T. Lawrence,QB,JAX,7.0,276.0,207.0,2021,-69.0,307.0,157.0,119.0,296.3541666666667,3200.105939716308,-127.9375,15467.464095744686,168.41666666666666,0.8285740493466812,279.48923237058943
38,T. Taylor,QB,HOU,10.0,257.0,84.0,2021,-173.0,307.0,157.0,100.0,296.3541666666667,3200.105939716308,-127.9375,15467.464095744686,168.41666666666666,0.8285740493466812,263.7463254330025
39,T. Taylor,QB,HOU,10.0,257.0,5.0,2021,-252.0,307.0,157.0,100.0,296.3541666666667,3200.105939716308,-127.9375,15467.464095744686,168.41666666666666,0.8285740493466812,263.7463254330025
40,T. Taylor,QB,HOU,10.0,257.0,0.0,2021,-257.0,307.0,157.0,100.0,296.3541666666667,3200.105939716308,-127.9375,15467.464095744686,168.41666666666666,0.8285740493466812,263.7463254330025
41,J. Winston,QB,NO,6.0,249.0,118.0,2021,-131.0,307.0,157.0,92.0,296.3541666666667,3200.105939716308,-127.9375,15467.464095744686,168.41666666666666,0.8285740493466812,257.11773303822906
42,J. Goff,QB,DET,9.0,241.0,194.0,2021,-47.0,307.0,157.0,84.0,296.3541666666667,3200.105939716308,-127.9375,15467.464095744686,168.41666666666666,0.8285740493466812,250.48914064345558
43,Z. Wilson,QB,NYJ,6.0,241.0,158.0,2021,-83.0,307.0,157.0,84.0,296.3541666666667,3200.105939716308,-127.9375,15467.464095744686,168.41666666666666,0.8285740493466812,250.48914064345558
44,M. Sanders,RB,PHI,14.0,214.0,103.0,2021,-111.0,187.0,79.0,135.0,170.35416666666666,3068.3364035087707,-73.53125,5903.451644736843,96.82291666666667,0.6580016840557477,199.07319850201648
45,D. Henderson,RB,LAR,11.0,186.0,149.0,2021,-37.0,187.0,79.0,107.0,170.35416666666666,3068.3364035087707,-73.53125,5903.451644736843,96.82291666666667,0.6580016840557477,180.64915134845555
46,T. Sermon,RB,SF,6.0,171.0,27.0,2021,-144.0,187.0,79.0,92.0,170.35416666666666,3068.3364035087707,-73.53125,5903.451644736843,96.82291666666667,0.6580016840557477,170.77912608761932
47,R. Mostert,RB,SF,6.0,156.0,2.0,2021,-154.0,187.0,79.0,77.0,170.35416666666666,3068.3364035087707,-73.53125,5903.451644736843,96.82291666666667,0.6580016840557477,160.90910082678312
48,T. Williams,RB,BAL,8.0,142.0,36.0,2021,-106.0,187.0,79.0,63.0,170.35416666666666,3068.3364035087707,-73.53125,5903.451644736843,96.82291666666667,0.6580016840557477,151.69707725000265
49,T. Williams,RB,BAL,8.0,142.0,2.0,2021,-140.0,187.0,79.0,63.0,170.35416666666666,3068.3364035087707,-73.53125,5903.451644736843,96.82291666666667,0.6580016840557477,151.69707725000265
50,T. Williams,RB,BAL,8.0,142.0,6.0,2021,-136.0,187.0,79.0,63.0,170.35416666666666,3068.3364035087707,-73.53125,5903.451644736843,96.82291666666667,0.6580016840557477,151.69707725000265
51,T. Williams,RB,BAL,8.0,142.0,0.0,2021,-142.0,187.0,79.0,63.0,170.35416666666666,3068.3364035087707,-73.53125,5903.451644736843,96.82291666666667,0.6580016840557477,151.69707725000265
52,T. Williams,RB,BAL,8.0,142.0,0.0,2021,-142.0,187.0,79.0,63.0,170.35416666666666,3068.3364035087707,-73.53125,5903.451644736843,96.82291666666667,0.6580016840557477,151.69707725000265
53,T. Jones,RB,NO,6.0,117.0,20.0,2021,-97.0,187.0,79.0,38.0,170.35416666666666,3068.3364035087707,-73.53125,5903.451644736843,96.82291666666667,0.6580016840557477,135.24703514860897
54,T. Jones,RB,NO,6.0,117.0,1.0,2021,-116.0,187.0,79.0,38.0,170.35416666666666,3068.3364035087707,-73.53125,5903.451644736843,96.82291666666667,0.6580016840557477,135.24703514860897
55,T. Jones,RB,NO,6.0,117.0,0.0,2021,-117.0,187.0,79.0,38.0,170.35416666666666,3068.3364035087707,-73.53125,5903.451644736843,96.82291666666667,0.6580016840557477,135.24703514860897
56,T. Jones,RB,NO,6.0,117.0,0.0,2021,-117.0,187.0,79.0,38.0,170.35416666666666,3068.3364035087707,-73.53125,5903.451644736843,96.82291666666667,0.6580016840557477,135.24703514860897
57,T. Jones,RB,NO,6.0,117.0,0.0,2021,-117.0,187.0,79.0,38.0,170.35416666666666,3068.3364035087707,-73.53125,5903.451644736843,96.82291666666667,0.6580016840557477,135.24703514860897
58,T. Jones,RB,NO,6.0,117.0,0.0,2021,-117.0,187.0,79.0,38.0,170.35416666666666,3068.3364035087707,-73.53125,5903.451644736843,96.82291666666667,0.6580016840557477,135.24703514860897
59,P. Lindsay,RB,MIA,14.0,111.0,43.0,2021,-68.0,187.0,79.0,32.0,170.35416666666666,3068.3364035087707,-73.53125,5903.451644736843,96.82291666666667,0.6580016840557477,131.29902504427446
60,L. Rountree,RB,LAC,7.0,109.0,15.0,2021,-94.0,187.0,79.0,30.0,170.35416666666666,3068.3364035087707,-73.53125,5903.451644736843,96.82291666666667,0.6580016840557477,129.983021676163
61,S. Ahmed,RB,MIA,14.0,101.0,33.0,2021,-68.0,187.0,79.0,22.0,170.35416666666666,3068.3364035087707,-73.53125,5903.451644736843,96.82291666666667,0.6580016840557477,124.719008203717
62,T. Johnson,RB,NYJ,6.0,99.0,98.0,2021,-1.0,187.0,79.0,20.0,170.35416666666666,3068.3364035087707,-73.53125,5903.451644736843,96.82291666666667,0.6580016840557477,123.4030048356055
63,T. Johnson,RB,NYJ,6.0,99.0,54.0,2021,-45.0,187.0,79.0,20.0,170.35416666666666,3068.3364035087707,-73.53125,5903.451644736843,96.82291666666667,0.6580016840557477,123.4030048356055
64,T. Johnson,RB,NYJ,6.0,99.0,0.0,2021,-99.0,187.0,79.0,20.0,170.35416666666666,3068.3364035087707,-73.53125,5903.451644736843,96.82291666666667,0.6580016840557477,123.4030048356055
65,T. Johnson,RB,NYJ,6.0,99.0,0.0,2021,-99.0,187.0,79.0,20.0,170.35416666666666,3068.3364035087707,-73.53125,5903.451644736843,96.82291666666667,0.6580016840557477,123.4030048356055
66,K. Gainwell,RB,PHI,14.0,98.0,105.0,2021,7.0,187.0,79.0,19.0,170.35416666666666,3068.3364035087707,-73.53125,5903.451644736843,96.82291666666667,0.6580016840557477,122.74500315154975
67,D. Johnson,RB,HOU,10.0,97.0,64.0,2021,-33.0,187.0,79.0,18.0,170.35416666666666,3068.3364035087707,-73.53125,5903.451644736843,96.82291666666667,0.6580016840557477,122.087001467494
68,D. Waller,TE,LV,8.0,210.0,106.0,2021,-104.0,129.0,70.0,140.0,126.04166666666667,1039.0195035460995,-39.520833333333336,2749.829343971631,86.52083333333333,0.7257690804353901,186.97602904488795
69,T. Hockenson,TE,DET,9.0,178.0,115.0,2021,-63.0,129.0,70.0,108.0,126.04166666666667,1039.0195035460995,-39.520833333333336,2749.829343971631,86.52083333333333,0.7257690804353901,163.75141847095549
70,J. Smith,TE,NE,14.0,114.0,52.0,2021,-62.0,129.0,70.0,44.0,126.04166666666667,1039.0195035460995,-39.520833333333336,2749.829343971631,86.52083333333333,0.7257690804353901,117.30219732309051
71,J. Smith,TE,NE,14.0,114.0,15.0,2021,-99.0,129.0,70.0,44.0,126.04166666666667,1039.0195035460995,-39.520833333333336,2749.829343971631,86.52083333333333,0.7257690804353901,117.30219732309051
72,J. Smith,TE,NE,14.0,114.0,0.0,2021,-114.0,129.0,70.0,44.0,126.04166666666667,1039.0195035460995,-39.520833333333336,2749.829343971631,86.52083333333333,0.7257690804353901,117.30219732309051
73,J. Smith,TE,NE,14.0,114.0,0.0,2021,-114.0,129.0,70.0,44.0,126.04166666666667,1039.0195035460995,-39.520833333333336,2749.829343971631,86.52083333333333,0.7257690804353901,117.30219732309051
74,J. Smith,TE,NE,14.0,114.0,0.0,2021,-114.0,129.0,70.0,44.0,126.04166666666667,1039.0195035460995,-39.520833333333336,2749.829343971631,86.52083333333333,0.7257690804353901,117.30219732309051
75,J. Smith,TE,NE,14.0,114.0,0.0,2021,-114.0,129.0,70.0,44.0,126.04166666666667,1039.0195035460995,-39.520833333333336,2749.829343971631,86.52083333333333,0.7257690804353901,117.30219732309051
76,J. Smith,TE,NE,14.0,114.0,0.0,2021,-114.0,129.0,70.0,44.0,126.04166666666667,1039.0195035460995,-39.520833333333336,2749.829343971631,86.52083333333333,0.7257690804353901,117.30219732309051
77,C. Kmet,TE,CHI,10.0,112.0,91.0,2021,-21.0,129.0,70.0,42.0,126.04166666666667,1039.0195035460995,-39.520833333333336,2749.829343971631,86.52083333333333,0.7257690804353901,115.85065916221973
78,B. Jarwin,TE,DAL,7.0,112.0,27.0,2021,-85.0,129.0,70.0,42.0,126.04166666666667,1039.0195035460995,-39.520833333333336,2749.829343971631,86.52083333333333,0.7257690804353901,115.85065916221973
79,D. Arnold,TE,JAX,7.0,110.0,57.0,2021,-53.0,129.0,70.0,40.0,126.04166666666667,1039.0195035460995,-39.520833333333336,2749.829343971631,86.52083333333333,0.7257690804353901,114.39912100134896
80,D. Hopkins,WR,ARI,12.0,250.0,126.0,2021,-124.0,182.0,99.0,151.0,171.67361111111111,2232.613005050504,-75.90277777777777,5944.577894327896,95.77083333333333,0.7269706635783421,228.61459801736194
81,A. Robinson,WR,CHI,10.0,222.0,68.0,2021,-154.0,182.0,99.0,123.0,171.67361111111111,2232.613005050504,-75.90277777777777,5944.577894327896,95.77083333333333,0.7269706635783421,208.25941943716836
82,R. Woods,WR,LAR,11.0,216.0,115.0,2021,-101.0,182.0,99.0,117.0,171.67361111111111,2232.613005050504,-75.90277777777777,5944.577894327896,95.77083333333333,0.7269706635783421,203.8975954556983
83,J. Jeudy,WR,DEN,11.0,203.0,65.0,2021,-138.0,182.0,99.0,104.0,171.67361111111111,2232.613005050504,-75.90277777777777,5944.577894327896,95.77083333333333,0.7269706635783421,194.44697682917987
84,K. Golladay,WR,NYG,10.0,185.0,71.0,2021,-114.0,182.0,99.0,86.0,171.67361111111111,2232.613005050504,-75.90277777777777,5944.577894327896,95.77083333333333,0.7269706635783421,181.36150488476972
85,M. Thomas,WR,NO,6.0,176.0,0.0,2021,-176.0,182.0,99.0,77.0,171.67361111111111,2232.613005050504,-75.90277777777777,5944.577894327896,95.77083333333333,0.7269706635783421,174.81876891256462
86,M. Thomas,WR,NO,6.0,176.0,9.0,2021,-167.0,182.0,99.0,77.0,171.67361111111111,2232.613005050504,-75.90277777777777,5944.577894327896,95.77083333333333,0.7269706635783421,174.81876891256462
87,R. Moore,WR,ARI,12.0,157.0,79.0,2021,-78.0,182.0,99.0,58.0,171.67361111111111,2232.613005050504,-75.90277777777777,5944.577894327896,95.77083333333333,0.7269706635783421,161.00632630457613
88,W. Fuller,WR,MIA,14.0,157.0,7.0,2021,-150.0,182.0,99.0,58.0,171.67361111111111,2232.613005050504,-75.90277777777777,5944.577894327896,95.77083333333333,0.7269706635783421,161.00632630457613
89,D. Mooney,WR,CHI,10.0,152.0,179.0,2021,27.0,182.0,99.0,53.0,171.67361111111111,2232.613005050504,-75.90277777777777,5944.577894327896,95.77083333333333,0.7269706635783421,157.3714729866844
90,J. Reagor,WR,PHI,14.0,151.0,60.0,2021,-91.0,182.0,99.0,52.0,171.67361111111111,2232.613005050504,-75.90277777777777,5944.577894327896,95.77083333333333,0.7269706635783421,156.64450232310608
91,G. Davis,WR,BUF,7.0,147.0,108.0,2021,-39.0,182.0,99.0,48.0,171.67361111111111,2232.613005050504,-75.90277777777777,5944.577894327896,95.77083333333333,0.7269706635783421,153.7366196687927
92,G. Davis,WR,BUF,7.0,147.0,0.0,2021,-147.0,182.0,99.0,48.0,171.67361111111111,2232.613005050504,-75.90277777777777,5944.577894327896,95.77083333333333,0.7269706635783421,153.7366196687927
93,H. Ruggs,WR,,,145.0,73.0,2021,-72.0,182.0,99.0,46.0,171.67361111111111,2232.613005050504,-75.90277777777777,5944.577894327896,95.77083333333333,0.7269706635783421,152.28267834163603
94,S. Shepard,WR,NYG,10.0,144.0,60.0,2021,-84.0,182.0,99.0,45.0,171.67361111111111,2232.613005050504,-75.90277777777777,5944.577894327896,95.77083333333333,0.7269706635783421,151.55570767805767
95,T. Marshall,WR,CAR,13.0,133.0,24.0,2021,-109.0,182.0,99.0,34.0,171.67361111111111,2232.613005050504,-75.90277777777777,5944.577894327896,95.77083333333333,0.7269706635783421,143.55903037869592
96,J. Palmer,WR,LAC,7.0,133.0,76.0,2021,-57.0,182.0,99.0,34.0,171.67361111111111,2232.613005050504,-75.90277777777777,5944.577894327896,95.77083333333333,0.7269706635783421,143.55903037869592
97,T. Williams,WR,,,133.0,36.0,2021,-97.0,182.0,99.0,34.0,171.67361111111111,2232.613005050504,-75.90277777777777,5944.577894327896,95.77083333333333,0.7269706635783421,143.55903037869592
98,T. Williams,WR,,,133.0,2.0,2021,-131.0,182.0,99.0,34.0,171.67361111111111,2232.613005050504,-75.90277777777777,5944.577894327896,95.77083333333333,0.7269706635783421,143.55903037869592
99,T. Williams,WR,,,133.0,6.0,2021,-127.0,182.0,99.0,34.0,171.67361111111111,2232.613005050504,-75.90277777777777,5944.577894327896,95.77083333333333,0.7269706635783421,143.55903037869592
100,T. Williams,WR,,,133.0,0.0,2021,-133.0,182.0,99.0,34.0,171.67361111111111,2232.613005050504,-75.90277777777777,5944.577894327896,95.77083333333333,0.7269706635783421,143.55903037869592
101,T. Williams,WR,,,133.0,0.0,2021,-133.0,182.0,99.0,34.0,171.67361111111111,2232.613005050504,-75.90277777777777,5944.577894327896,95.77083333333333,0.7269706635783421,143.55903037869592
102,P. Campbell,WR,IND,14.0,132.0,27.0,2021,-105.0,182.0,99.0,33.0,171.67361111111111,2232.613005050504,-75.90277777777777,5944.577894327896,95.77083333333333,0.7269706635783421,142.83205971511757
103,D. Brown,WR,WAS,9.0,131.0,22.0,2021,-109.0,182.0,99.0,32.0,171.67361111111111,2232.613005050504,-75.90277777777777,5944.577894327896,95.77083333333333,0.7269706635783421,142.10508905153924
104,D. Brown,WR,WAS,9.0,131.0,4.0,2021,-127.0,182.0,99.0,32.0,171.67361111111111,2232.613005050504,-75.90277777777777,5944.577894327896,95.77083333333333,0.7269706635783421,142.10508905153924
105,D. Brown,WR,WAS,9.0,131.0,0.0,2021,-131.0,182.0,99.0,32.0,171.67361111111111,2232.613005050504,-75.90277777777777,5944.577894327896,95.77083333333333,0.7269706635783421,142.10508905153924
106,D. Brown,WR,WAS,9.0,131.0,0.0,2021,-131.0,182.0,99.0,32.0,171.67361111111111,2232.613005050504,-75.90277777777777,5944.577894327896,95.77083333333333,0.7269706635783421,142.10508905153924
107,T. Smith,WR,NO,6.0,130.0,71.0,2021,-59.0,182.0,99.0,31.0,171.67361111111111,2232.613005050504,-75.90277777777777,5944.577894327896,95.77083333333333,0.7269706635783421,141.3781183879609
108,D. Slayton,WR,NYG,10.0,129.0,55.0,2021,-74.0,182.0,99.0,30.0,171.67361111111111,2232.613005050504,-75.90277777777777,5944.577894327896,95.77083333333333,0.7269706635783421,140.65114772438255
109,R. Cobb,WR,GB,13.0,128.0,79.0,2021,-49.0,182.0,99.0,29.0,171.67361111111111,2232.613005050504,-75.90277777777777,5944.577894327896,95.77083333333333,0.7269706635783421,139.9241770608042
110,Q. Cephus,WR,DET,9.0,128.0,42.0,2021,-86.0,182.0,99.0,29.0,171.67361111111111,2232.613005050504,-75.90277777777777,5944.577894327896,95.77083333333333,0.7269706635783421,139.9241770608042
111,Z. Pascal,WR,IND,14.0,128.0,75.0,2021,-53.0,182.0,99.0,29.0,171.67361111111111,2232.613005050504,-75.90277777777777,5944.577894327896,95.77083333333333,0.7269706635783421,139.9241770608042
112,N. Collins,WR,HOU,10.0,126.0,67.0,2021,-59.0,182.0,99.0,27.0,171.67361111111111,2232.613005050504,-75.90277777777777,5944.577894327896,95.77083333333333,0.7269706635783421,138.47023573364754
113,S. Watkins,WR,BAL,8.0,125.0,56.0,2021,-69.0,182.0,99.0,26.0,171.67361111111111,2232.613005050504,-75.90277777777777,5944.577894327896,95.77083333333333,0.7269706635783421,137.74326507006919
114,D. Robinson,WR,KC,12.0,124.0,57.0,2021,-67.0,182.0,99.0,25.0,171.67361111111111,2232.613005050504,-75.90277777777777,5944.577894327896,95.77083333333333,0.7269706635783421,137.01629440649083
115,Q. Watkins,WR,PHI,14.0,124.0,95.0,2021,-29.0,182.0,99.0,25.0,171.67361111111111,2232.613005050504,-75.90277777777777,5944.577894327896,95.77083333333333,0.7269706635783421,137.01629440649083
116,T. Hunter,"WR, DB - JAX(7)",,,0.0,0.0,2021,0.0,0.0,0.0,0.0,0.0,,0.0,,0.0,,
117,Tampa Bay. Buccaneers,DEF,TB,11.0,107.0,117.0,2022,10.0,101.0,81.0,26.0,100.0,62.25531914893616,26.520833333333332,574.6804078014185,126.52083333333333,0.9022580827000956,106.31580657890068
118,New Orleans. Saints,DEF,NO,14.0,103.0,124.0,2022,21.0,101.0,81.0,22.0,100.0,62.25531914893616,26.520833333333332,574.6804078014185,126.52083333333333,0.9022580827000956,102.70677424810029
119,Los Angeles. Rams,DEF,LAR,7.0,101.0,113.0,2022,12.0,101.0,81.0,20.0,100.0,62.25531914893616,26.520833333333332,574.6804078014185,126.52083333333333,0.9022580827000956,100.9022580827001
120,Green Bay. Packers,DEF,GB,14.0,100.0,129.0,2022,29.0,101.0,81.0,19.0,100.0,62.25531914893616,26.520833333333332,574.6804078014185,126.52083333333333,0.9022580827000956,100.0
121,Los Angeles. Chargers,DEF,LAC,8.0,97.0,115.0,2022,18.0,101.0,81.0,16.0,100.0,62.25531914893616,26.520833333333332,574.6804078014185,126.52083333333333,0.9022580827000956,97.29322575189971
122,Cleveland. Browns,DEF,CLE,9.0,97.0,120.0,2022,23.0,101.0,81.0,16.0,100.0,62.25531914893616,26.520833333333332,574.6804078014185,126.52083333333333,0.9022580827000956,97.29322575189971
123,Cincinnati. Bengals,DEF,CIN,10.0,97.0,125.0,2022,28.0,101.0,81.0,16.0,100.0,62.25531914893616,26.520833333333332,574.6804078014185,126.52083333333333,0.9022580827000956,97.29322575189971
124,Carolina. Panthers,DEF,CAR,13.0,96.0,120.0,2022,24.0,101.0,81.0,15.0,100.0,62.25531914893616,26.520833333333332,574.6804078014185,126.52083333333333,0.9022580827000956,96.39096766919963
125,Arizona. Cardinals,DEF,ARI,13.0,96.0,115.0,2022,19.0,101.0,81.0,15.0,100.0,62.25531914893616,26.520833333333332,574.6804078014185,126.52083333333333,0.9022580827000956,96.39096766919963
126,Denver. Broncos,DEF,DEN,9.0,95.0,117.0,2022,22.0,101.0,81.0,14.0,100.0,62.25531914893616,26.520833333333332,574.6804078014185,126.52083333333333,0.9022580827000956,95.48870958649952
127,Las Vegas. Raiders,DEF,LV,6.0,94.0,88.0,2022,-6.0,101.0,81.0,13.0,100.0,62.25531914893616,26.520833333333332,574.6804078014185,126.52083333333333,0.9022580827000956,94.58645150379942
128,Washington. Commanders,DEF,WAS,14.0,93.0,124.0,2022,31.0,101.0,81.0,12.0,100.0,62.25531914893616,26.520833333333332,574.6804078014185,126.52083333333333,0.9022580827000956,93.68419342109934
129,M. Prater,K,ARI,13.0,105.0,95.0,2022,-10.0,92.5,83.0,22.0,94.16666666666667,53.80141843971625,11.041666666666666,2135.1471631205677,105.20833333333333,0.9754213420575798,104.73373120562378
130,Y. Koo,K,ATL,14.0,94.0,145.0,2022,51.0,92.5,83.0,11.0,94.16666666666667,53.80141843971625,11.041666666666666,2135.1471631205677,105.20833333333333,0.9754213420575798,94.0040964429904
131,C. McLaughlin,K,IND,14.0,92.0,132.0,2022,40.0,92.5,83.0,9.0,94.16666666666667,53.80141843971625,11.041666666666666,2135.1471631205677,105.20833333333333,0.9754213420575798,92.05325375887524
132,B. McManus,K,DEN,9.0,91.0,125.0,2022,34.0,92.5,83.0,8.0,94.16666666666667,53.80141843971625,11.041666666666666,2135.1471631205677,105.20833333333333,0.9754213420575798,91.07783241681767
133,J. Slye,K,WAS,14.0,88.0,106.0,2022,18.0,92.5,83.0,5.0,94.16666666666667,53.80141843971625,11.041666666666666,2135.1471631205677,105.20833333333333,0.9754213420575798,88.15156839064493
134,R. Succop,K,TB,11.0,87.0,125.0,2022,38.0,92.5,83.0,4.0,94.16666666666667,53.80141843971625,11.041666666666666,2135.1471631205677,105.20833333333333,0.9754213420575798,87.17614704858735
135,A. Seibert,K,,,86.0,21.0,2022,-65.0,92.5,83.0,3.0,94.16666666666667,53.80141843971625,11.041666666666666,2135.1471631205677,105.20833333333333,0.9754213420575798,86.20072570652977
136,J. Elliott,K,PHI,7.0,86.0,117.0,2022,31.0,92.5,83.0,3.0,94.16666666666667,53.80141843971625,11.041666666666666,2135.1471631205677,105.20833333333333,0.9754213420575798,86.20072570652977
137,D. Hopkins,K,LAC,8.0,86.0,39.0,2022,-47.0,92.5,83.0,3.0,94.16666666666667,53.80141843971625,11.041666666666666,2135.1471631205677,105.20833333333333,0.9754213420575798,86.20072570652977
138,G. Zuerlein,K,NYJ,10.0,86.0,131.0,2022,45.0,92.5,83.0,3.0,94.16666666666667,53.80141843971625,11.041666666666666,2135.1471631205677,105.20833333333333,0.9754213420575798,86.20072570652977
139,M. Crosby,K,GB,14.0,85.0,114.0,2022,29.0,92.5,83.0,2.0,94.16666666666667,53.80141843971625,11.041666666666666,2135.1471631205677,105.20833333333333,0.9754213420575798,85.22530436447218
140,J. Sanders,K,MIA,11.0,83.0,126.0,2022,43.0,92.5,83.0,0.0,94.16666666666667,53.80141843971625,11.041666666666666,2135.1471631205677,105.20833333333333,0.9754213420575798,83.27446168035702
141,R. Santoso,"K, P",,,19.0,0.0,2022,-19.0,0.0,0.0,19.0,5.666666666666667,68.0,-2.888888888888889,135.36111111111114,2.7777777777777777,0.6656194508946865,14.541592678595821
142,K. Vedvik,"K, P",,,0.0,0.0,2022,0.0,0.0,0.0,0.0,5.666666666666667,68.0,-2.888888888888889,135.36111111111114,2.7777777777777777,0.6656194508946865,1.8948231115967764
143,M. Ammendola,"K, P - GB(14)",,,15.0,16.0,2022,1.0,15.0,15.0,0.0,15.0,,1.0,,16.0,,
144,M. Wile,"P, K",,,0.0,0.0,2022,0.0,0.0,0.0,0.0,0.0,0.0,4.25,100.75000000000001,4.25,1.0,0.0
145,T. Long,"P, K",,,0.0,0.0,2022,0.0,0.0,0.0,0.0,0.0,0.0,4.25,100.75000000000001,4.25,1.0,0.0
146,B. Wright,"P, K - LAR(7)",,,0.0,55.0,2022,55.0,0.0,0.0,0.0,0.0,0.0,27.5,1512.5,27.5,1.0,0.0
147,B. Wright,"P, K - LAR(7)",,,0.0,0.0,2022,0.0,0.0,0.0,0.0,0.0,0.0,27.5,1512.5,27.5,1.0,0.0
148,M. Palardy,"P, K - NE(10)",,,0.0,-1.0,2022,-1.0,0.0,0.0,0.0,0.0,,-1.0,,-1.0,,
149,J. Winston,QB,NO,14.0,272.0,46.0,2022,-226.0,307.0,157.0,115.0,296.3541666666667,3200.105939716308,-127.9375,15467.464095744686,168.41666666666666,0.8285740493466812,276.1749361732027
150,M. Mariota,QB,ATL,14.0,249.0,198.0,2022,-51.0,307.0,157.0,92.0,296.3541666666667,3200.105939716308,-127.9375,15467.464095744686,168.41666666666666,0.8285740493466812,257.11773303822906
151,Z. Wilson,QB,NYJ,10.0,248.0,104.0,2022,-144.0,307.0,157.0,91.0,296.3541666666667,3200.105939716308,-127.9375,15467.464095744686,168.41666666666666,0.8285740493466812,256.2891589888824
152,M. Ryan,QB,IND,14.0,247.0,153.0,2022,-94.0,307.0,157.0,90.0,296.3541666666667,3200.105939716308,-127.9375,15467.464095744686,168.41666666666666,0.8285740493466812,255.46058493953566
153,M. Jones,QB,NE,10.0,246.0,176.0,2022,-70.0,307.0,157.0,89.0,296.3541666666667,3200.105939716308,-127.9375,15467.464095744686,168.41666666666666,0.8285740493466812,254.63201089018898
154,M. Jones,QB,NE,10.0,246.0,0.0,2022,-246.0,307.0,157.0,89.0,296.3541666666667,3200.105939716308,-127.9375,15467.464095744686,168.41666666666666,0.8285740493466812,254.63201089018898
155,J. Garoppolo,QB,SF,9.0,243.0,166.0,2022,-77.0,307.0,157.0,86.0,296.3541666666667,3200.105939716308,-127.9375,15467.464095744686,168.41666666666666,0.8285740493466812,252.14628874214895
156,D. Mills,QB,HOU,6.0,240.0,189.0,2022,-51.0,307.0,157.0,83.0,296.3541666666667,3200.105939716308,-127.9375,15467.464095744686,168.41666666666666,0.8285740493466812,249.6605665941089
157,D. Mills,QB,HOU,6.0,240.0,0.0,2022,-240.0,307.0,157.0,83.0,296.3541666666667,3200.105939716308,-127.9375,15467.464095744686,168.41666666666666,0.8285740493466812,249.6605665941089
158,C. Wentz,QB,WAS,14.0,188.0,116.0,2022,-72.0,307.0,157.0,31.0,296.3541666666667,3200.105939716308,-127.9375,15467.464095744686,168.41666666666666,0.8285740493466812,206.57471602808147
159,S. Ehlinger,QB,IND,14.0,160.0,37.0,2022,-123.0,307.0,157.0,3.0,296.3541666666667,3200.105939716308,-127.9375,15467.464095744686,168.41666666666666,0.8285740493466812,183.3746426463744
160,K. Pickett,QB,PIT,9.0,157.0,155.0,2022,-2.0,307.0,157.0,0.0,296.3541666666667,3200.105939716308,-127.9375,15467.464095744686,168.41666666666666,0.8285740493466812,180.88892049833436
161,B. Hall,RB,NYJ,10.0,215.0,105.0,2022,-110.0,187.0,79.0,136.0,170.35416666666666,3068.3364035087707,-73.53125,5903.451644736843,96.82291666666667,0.6580016840557477,199.73120018607221
162,M. Gordon,RB,KC,8.0,203.0,70.0,2022,-133.0,187.0,79.0,124.0,170.35416666666666,3068.3364035087707,-73.53125,5903.451644736843,96.82291666666667,0.6580016840557477,191.83517997740324
163,C. Edwards-Helaire,RB,KC,8.0,190.0,90.0,2022,-100.0,187.0,79.0,111.0,170.35416666666666,3068.3364035087707,-73.53125,5903.451644736843,96.82291666666667,0.6580016840557477,183.28115808467854
164,M. Boone,RB,DEN,9.0,153.0,24.0,2022,-129.0,187.0,79.0,74.0,170.35416666666666,3068.3364035087707,-73.53125,5903.451644736843,96.82291666666667,0.6580016840557477,158.9350957746159
165,K. Gainwell,RB,PHI,7.0,150.0,76.0,2022,-74.0,187.0,79.0,71.0,170.35416666666666,3068.3364035087707,-73.53125,5903.451644736843,96.82291666666667,0.6580016840557477,156.96109072244863
166,A. Mattison,RB,MIN,7.0,149.0,81.0,2022,-68.0,187.0,79.0,70.0,170.35416666666666,3068.3364035087707,-73.53125,5903.451644736843,96.82291666666667,0.6580016840557477,156.3030890383929
167,N. Miller-Hines,RB,BUF,7.0,147.0,64.0,2022,-83.0,187.0,79.0,68.0,170.35416666666666,3068.3364035087707,-73.53125,5903.451644736843,96.82291666666667,0.6580016840557477,154.98708567028137
168,M. Ingram,RB,NO,14.0,132.0,40.0,2022,-92.0,187.0,79.0,53.0,170.35416666666666,3068.3364035087707,-73.53125,5903.451644736843,96.82291666666667,0.6580016840557477,145.11706040944517
169,I. Spiller,RB,LAC,8.0,125.0,7.0,2022,-118.0,187.0,79.0,46.0,170.35416666666666,3068.3364035087707,-73.53125,5903.451644736843,96.82291666666667,0.6580016840557477,140.51104862105495
170,D. Hilliard,RB,TEN,6.0,123.0,67.0,2022,-56.0,187.0,79.0,44.0,170.35416666666666,3068.3364035087707,-73.53125,5903.451644736843,96.82291666666667,0.6580016840557477,139.19504525294343
171,C. Edmonds,RB,DEN,9.0,115.0,66.0,2022,-49.0,187.0,79.0,36.0,170.35416666666666,3068.3364035087707,-73.53125,5903.451644736843,96.82291666666667,0.6580016840557477,133.93103178049745
172,Z. White,RB,LV,6.0,114.0,7.0,2022,-107.0,187.0,79.0,35.0,170.35416666666666,3068.3364035087707,-73.53125,5903.451644736843,96.82291666666667,0.6580016840557477,133.27303009644172
173,Z. White,RB,LV,6.0,114.0,0.0,2022,-114.0,187.0,79.0,35.0,170.35416666666666,3068.3364035087707,-73.53125,5903.451644736843,96.82291666666667,0.6580016840557477,133.27303009644172
174,E. Benjamin,RB,NO,14.0,108.0,77.0,2022,-31.0,187.0,79.0,29.0,170.35416666666666,3068.3364035087707,-73.53125,5903.451644736843,96.82291666666667,0.6580016840557477,129.32501999210723
175,B. Scott,RB,PHI,7.0,106.0,44.0,2022,-62.0,187.0,79.0,27.0,170.35416666666666,3068.3364035087707,-73.53125,5903.451644736843,96.82291666666667,0.6580016840557477,128.00901662399573
176,J. McKissic,RB,WAS,14.0,105.0,42.0,2022,-63.0,187.0,79.0,26.0,170.35416666666666,3068.3364035087707,-73.53125,5903.451644736843,96.82291666666667,0.6580016840557477,127.35101493993999
177,E. Mitchell,RB,SF,9.0,103.0,42.0,2022,-61.0,187.0,79.0,24.0,170.35416666666666,3068.3364035087707,-73.53125,5903.451644736843,96.82291666666667,0.6580016840557477,126.03501157182849
178,S. Michel,RB,,,89.0,20.0,2022,-69.0,187.0,79.0,10.0,170.35416666666666,3068.3364035087707,-73.53125,5903.451644736843,96.82291666666667,0.6580016840557477,116.82298799504802
179,J. Mason,RB,SF,9.0,85.0,32.0,2022,-53.0,187.0,79.0,6.0,170.35416666666666,3068.3364035087707,-73.53125,5903.451644736843,96.82291666666667,0.6580016840557477,114.19098125882503
180,T. Davis-Price,RB,SF,9.0,83.0,10.0,2022,-73.0,187.0,79.0,4.0,170.35416666666666,3068.3364035087707,-73.53125,5903.451644736843,96.82291666666667,0.6580016840557477,112.87497789071354
181,D. Williams,RB,ARI,13.0,79.0,19.0,2022,-60.0,187.0,79.0,0.0,170.35416666666666,3068.3364035087707,-73.53125,5903.451644736843,96.82291666666667,0.6580016840557477,110.24297115449055
182,D. Williams,RB,ARI,13.0,79.0,0.0,2022,-79.0,187.0,79.0,0.0,170.35416666666666,3068.3364035087707,-73.53125,5903.451644736843,96.82291666666667,0.6580016840557477,110.24297115449055
183,D. Williams,RB,ARI,13.0,79.0,0.0,2022,-79.0,187.0,79.0,0.0,170.35416666666666,3068.3364035087707,-73.53125,5903.451644736843,96.82291666666667,0.6580016840557477,110.24297115449055
184,D. Williams,RB,ARI,13.0,79.0,0.0,2022,-79.0,187.0,79.0,0.0,170.35416666666666,3068.3364035087707,-73.53125,5903.451644736843,96.82291666666667,0.6580016840557477,110.24297115449055
185,D. Njoku,TE,CLE,9.0,137.0,112.0,2022,-25.0,129.0,70.0,67.0,126.04166666666667,1039.0195035460995,-39.520833333333336,2749.829343971631,86.52083333333333,0.7257690804353901,133.99488617310448
186,T. Hill,TE,NO,14.0,104.0,139.0,2022,35.0,129.0,70.0,34.0,126.04166666666667,1039.0195035460995,-39.520833333333336,2749.829343971631,86.52083333333333,0.7257690804353901,110.04450651873661
187,I. Smith,TE,MIN,7.0,89.0,42.0,2022,-47.0,129.0,70.0,19.0,126.04166666666667,1039.0195035460995,-39.520833333333336,2749.829343971631,86.52083333333333,0.7257690804353901,99.15797031220576
188,I. Smith,TE,MIN,7.0,89.0,0.0,2022,-89.0,129.0,70.0,19.0,126.04166666666667,1039.0195035460995,-39.520833333333336,2749.829343971631,86.52083333333333,0.7257690804353901,99.15797031220576
189,C. Brate,TE,TB,11.0,88.0,27.0,2022,-61.0,129.0,70.0,18.0,126.04166666666667,1039.0195035460995,-39.520833333333336,2749.829343971631,86.52083333333333,0.7257690804353901,98.43220123177036
190,L. Thomas,TE,WAS,14.0,88.0,58.0,2022,-30.0,129.0,70.0,18.0,126.04166666666667,1039.0195035460995,-39.520833333333336,2749.829343971631,86.52083333333333,0.7257690804353901,98.43220123177036
191,M. Gesicki,TE,MIA,11.0,86.0,82.0,2022,-4.0,129.0,70.0,16.0,126.04166666666667,1039.0195035460995,-39.520833333333336,2749.829343971631,86.52083333333333,0.7257690804353901,96.9806630708996
192,I. Likely,TE,BAL,10.0,81.0,73.0,2022,-8.0,129.0,70.0,11.0,126.04166666666667,1039.0195035460995,-39.520833333333336,2749.829343971631,86.52083333333333,0.7257690804353901,93.35181766872265
193,B. Jordan,TE,HOU,6.0,78.0,20.0,2022,-58.0,129.0,70.0,8.0,126.04166666666667,1039.0195035460995,-39.520833333333336,2749.829343971631,86.52083333333333,0.7257690804353901,91.17451042741646
194,A. Hooper,TE,TEN,6.0,78.0,77.0,2022,-1.0,129.0,70.0,8.0,126.04166666666667,1039.0195035460995,-39.520833333333336,2749.829343971631,86.52083333333333,0.7257690804353901,91.17451042741646
195,T. Conklin,TE,NYJ,10.0,76.0,101.0,2022,25.0,129.0,70.0,6.0,126.04166666666667,1039.0195035460995,-39.520833333333336,2749.829343971631,86.52083333333333,0.7257690804353901,89.7229722665457
196,M. Alie-Cox,TE,IND,14.0,70.0,43.0,2022,-27.0,129.0,70.0,0.0,126.04166666666667,1039.0195035460995,-39.520833333333336,2749.829343971631,86.52083333333333,0.7257690804353901,85.36835778393335
197,B. Cooks,WR,HOU,6.0,178.0,117.0,2022,-61.0,182.0,99.0,79.0,171.67361111111111,2232.613005050504,-75.90277777777777,5944.577894327896,95.77083333333333,0.7269706635783421,176.2727102397213
198,C. Samuel,WR,WAS,14.0,173.0,143.0,2022,-30.0,182.0,99.0,74.0,171.67361111111111,2232.613005050504,-75.90277777777777,5944.577894327896,95.77083333333333,0.7269706635783421,172.6378569218296
199,R. Doubs,WR,GB,14.0,151.0,79.0,2022,-72.0,182.0,99.0,52.0,171.67361111111111,2232.613005050504,-75.90277777777777,5944.577894327896,95.77083333333333,0.7269706635783421,156.64450232310608
200,C. Claypool,WR,CHI,14.0,145.0,81.0,2022,-64.0,182.0,99.0,46.0,171.67361111111111,2232.613005050504,-75.90277777777777,5944.577894327896,95.77083333333333,0.7269706635783421,152.28267834163603
201,N. Brown,WR,DAL,9.0,138.0,92.0,2022,-46.0,182.0,99.0,39.0,171.67361111111111,2232.613005050504,-75.90277777777777,5944.577894327896,95.77083333333333,0.7269706635783421,147.19388369658765
202,R. Moore,WR,ARI,13.0,137.0,67.0,2022,-70.0,182.0,99.0,38.0,171.67361111111111,2232.613005050504,-75.90277777777777,5944.577894327896,95.77083333333333,0.7269706635783421,146.4669130330093
203,R. Gage,WR,TB,11.0,134.0,97.0,2022,-37.0,182.0,99.0,35.0,171.67361111111111,2232.613005050504,-75.90277777777777,5944.577894327896,95.77083333333333,0.7269706635783421,144.28600104227428
204,D. Parker,WR,NE,10.0,132.0,87.0,2022,-45.0,182.0,99.0,33.0,171.67361111111111,2232.613005050504,-75.90277777777777,5944.577894327896,95.77083333333333,0.7269706635783421,142.83205971511757
205,J. Landry,WR,NO,14.0,128.0,47.0,2022,-81.0,182.0,99.0,29.0,171.67361111111111,2232.613005050504,-75.90277777777777,5944.577894327896,95.77083333333333,0.7269706635783421,139.9241770608042
206,K. Hamler,WR,DEN,9.0,128.0,22.0,2022,-106.0,182.0,99.0,29.0,171.67361111111111,2232.613005050504,-75.90277777777777,5944.577894327896,95.77083333333333,0.7269706635783421,139.9241770608042
207,S. Moore,WR,KC,8.0,125.0,29.0,2022,-96.0,182.0,99.0,26.0,171.67361111111111,2232.613005050504,-75.90277777777777,5944.577894327896,95.77083333333333,0.7269706635783421,137.74326507006919
208,K. Osborn,WR,MIN,7.0,124.0,125.0,2022,1.0,182.0,99.0,25.0,171.67361111111111,2232.613005050504,-75.90277777777777,5944.577894327896,95.77083333333333,0.7269706635783421,137.01629440649083
209,R. Cobb,WR,GB,14.0,124.0,64.0,2022,-60.0,182.0,99.0,25.0,171.67361111111111,2232.613005050504,-75.90277777777777,5944.577894327896,95.77083333333333,0.7269706635783421,137.01629440649083
210,N. Agholor,WR,NE,10.0,122.0,58.0,2022,-64.0,182.0,99.0,23.0,171.67361111111111,2232.613005050504,-75.90277777777777,5944.577894327896,95.77083333333333,0.7269706635783421,135.56235307933417
211,H. Renfrow,WR,LV,6.0,122.0,58.0,2022,-64.0,182.0,99.0,23.0,171.67361111111111,2232.613005050504,-75.90277777777777,5944.577894327896,95.77083333333333,0.7269706635783421,135.56235307933417
212,R. Chosen,WR,ARI,13.0,121.0,41.0,2022,-80.0,182.0,99.0,22.0,171.67361111111111,2232.613005050504,-75.90277777777777,5944.577894327896,95.77083333333333,0.7269706635783421,134.83538241575582
213,R. James,WR,NYG,9.0,119.0,101.0,2022,-18.0,182.0,99.0,20.0,171.67361111111111,2232.613005050504,-75.90277777777777,5944.577894327896,95.77083333333333,0.7269706635783421,133.38144108859913
214,N. Westbrook-Ikhine,WR,TEN,6.0,113.0,70.0,2022,-43.0,182.0,99.0,14.0,171.67361111111111,2232.613005050504,-75.90277777777777,5944.577894327896,95.77083333333333,0.7269706635783421,129.01961710712908
215,C. Davis,WR,NYJ,10.0,110.0,82.0,2022,-28.0,182.0,99.0,11.0,171.67361111111111,2232.613005050504,-75.90277777777777,5944.577894327896,95.77083333333333,0.7269706635783421,126.83870511639405
216,C. Davis,WR,NYJ,10.0,110.0,0.0,2022,-110.0,182.0,99.0,11.0,171.67361111111111,2232.613005050504,-75.90277777777777,5944.577894327896,95.77083333333333,0.7269706635783421,126.83870511639405
217,C. Davis,WR,NYJ,10.0,110.0,0.0,2022,-110.0,182.0,99.0,11.0,171.67361111111111,2232.613005050504,-75.90277777777777,5944.577894327896,95.77083333333333,0.7269706635783421,126.83870511639405
218,J. Tolbert,WR,DAL,9.0,109.0,2.0,2022,-107.0,182.0,99.0,10.0,171.67361111111111,2232.613005050504,-75.90277777777777,5944.577894327896,95.77083333333333,0.7269706635783421,126.11173445281571
219,C. Wilson,WR,MIA,11.0,109.0,20.0,2022,-89.0,182.0,99.0,10.0,171.67361111111111,2232.613005050504,-75.90277777777777,5944.577894327896,95.77083333333333,0.7269706635783421,126.11173445281571
220,C. Wilson,WR,MIA,11.0,109.0,0.0,2022,-109.0,182.0,99.0,10.0,171.67361111111111,2232.613005050504,-75.90277777777777,5944.577894327896,95.77083333333333,0.7269706635783421,126.11173445281571
221,C. Wilson,WR,MIA,11.0,109.0,0.0,2022,-109.0,182.0,99.0,10.0,171.67361111111111,2232.613005050504,-75.90277777777777,5944.577894327896,95.77083333333333,0.7269706635783421,126.11173445281571
222,K. Bourne,WR,NE,10.0,107.0,69.0,2022,-38.0,182.0,99.0,8.0,171.67361111111111,2232.613005050504,-75.90277777777777,5944.577894327896,95.77083333333333,0.7269706635783421,124.65779312565903
223,D. Bell,WR,CLE,9.0,105.0,33.0,2022,-72.0,182.0,99.0,6.0,171.67361111111111,2232.613005050504,-75.90277777777777,5944.577894327896,95.77083333333333,0.7269706635783421,123.20385179850234
224,D. Bell,WR,CLE,9.0,105.0,0.0,2022,-105.0,182.0,99.0,6.0,171.67361111111111,2232.613005050504,-75.90277777777777,5944.577894327896,95.77083333333333,0.7269706635783421,123.20385179850234
225,B. Pringle,WR,CHI,14.0,104.0,31.0,2022,-73.0,182.0,99.0,5.0,171.67361111111111,2232.613005050504,-75.90277777777777,5944.577894327896,95.77083333333333,0.7269706635783421,122.476881134924
226,Q. Watkins,WR,PHI,7.0,101.0,67.0,2022,-34.0,182.0,99.0,2.0,171.67361111111111,2232.613005050504,-75.90277777777777,5944.577894327896,95.77083333333333,0.7269706635783421,120.29596914418897
227,T. Marshall,WR,CAR,13.0,101.0,67.0,2022,-34.0,182.0,99.0,2.0,171.67361111111111,2232.613005050504,-75.90277777777777,5944.577894327896,95.77083333333333,0.7269706635783421,120.29596914418897
228,A. Green,WR,ARI,13.0,101.0,50.0,2022,-51.0,182.0,99.0,2.0,171.67361111111111,2232.613005050504,-75.90277777777777,5944.577894327896,95.77083333333333,0.7269706635783421,120.29596914418897
229,A. Green,WR,ARI,13.0,101.0,0.0,2022,-101.0,182.0,99.0,2.0,171.67361111111111,2232.613005050504,-75.90277777777777,5944.577894327896,95.77083333333333,0.7269706635783421,120.29596914418897
230,B. Berrios,WR,NYJ,10.0,100.0,48.0,2022,-52.0,182.0,99.0,1.0,171.67361111111111,2232.613005050504,-75.90277777777777,5944.577894327896,95.77083333333333,0.7269706635783421,119.56899848061063
231,J. Reynolds,WR,DET,6.0,100.0,85.0,2022,-15.0,182.0,99.0,1.0,171.67361111111111,2232.613005050504,-75.90277777777777,5944.577894327896,95.77083333333333,0.7269706635783421,119.56899848061063
232,D. Harty,WR,NO,14.0,99.0,-1.0,2022,-100.0,182.0,99.0,0.0,171.67361111111111,2232.613005050504,-75.90277777777777,5944.577894327896,95.77083333333333,0.7269706635783421,118.84202781703229
233,T. Hunter,"WR, DB - JAX(11)",,,0.0,0.0,2022,0.0,0.0,0.0,0.0,0.0,,0.0,,0.0,,
234,San Francisco. 49ers,DEF,SF,14.0,115.0,150.0,2023,35.0,101.0,81.0,34.0,100.0,62.25531914893616,26.520833333333332,574.6804078014185,126.52083333333333,0.9022580827000956,113.53387124050144
235,Dallas. Cowboys,DEF,DAL,10.0,112.0,192.0,2023,80.0,101.0,81.0,31.0,100.0,62.25531914893616,26.520833333333332,574.6804078014185,126.52083333333333,0.9022580827000956,110.82709699240115
236,Buffalo. Bills,DEF,BUF,7.0,109.0,172.0,2023,63.0,101.0,81.0,28.0,100.0,62.25531914893616,26.520833333333332,574.6804078014185,126.52083333333333,0.9022580827000956,108.12032274430086
237,Philadelphia. Eagles,DEF,PHI,9.0,106.0,116.0,2023,10.0,101.0,81.0,25.0,100.0,62.25531914893616,26.520833333333332,574.6804078014185,126.52083333333333,0.9022580827000956,105.41354849620058
238,Miami. Dolphins,DEF,MIA,12.0,106.0,165.0,2023,59.0,101.0,81.0,25.0,100.0,62.25531914893616,26.520833333333332,574.6804078014185,126.52083333333333,0.9022580827000956,105.41354849620058
239,Seattle. Seahawks,DEF,SEA,8.0,102.0,122.0,2023,20.0,101.0,81.0,21.0,100.0,62.25531914893616,26.520833333333332,574.6804078014185,126.52083333333333,0.9022580827000956,101.8045161654002
240,Pittsburgh. Steelers,DEF,PIT,5.0,102.0,161.0,2023,59.0,101.0,81.0,21.0,100.0,62.25531914893616,26.520833333333332,574.6804078014185,126.52083333333333,0.9022580827000956,101.8045161654002
241,New England. Patriots,DEF,NE,14.0,102.0,123.0,2023,21.0,101.0,81.0,21.0,100.0,62.25531914893616,26.520833333333332,574.6804078014185,126.52083333333333,0.9022580827000956,101.8045161654002
242,New York. Jets,DEF,NYJ,9.0,101.0,170.0,2023,69.0,101.0,81.0,20.0,100.0,62.25531914893616,26.520833333333332,574.6804078014185,126.52083333333333,0.9022580827000956,100.9022580827001
243,New Orleans. Saints,DEF,NO,11.0,100.0,151.0,2023,51.0,101.0,81.0,19.0,100.0,62.25531914893616,26.520833333333332,574.6804078014185,126.52083333333333,0.9022580827000956,100.0
244,Green Bay. Packers,DEF,GB,5.0,100.0,124.0,2023,24.0,101.0,81.0,19.0,100.0,62.25531914893616,26.520833333333332,574.6804078014185,126.52083333333333,0.9022580827000956,100.0
245,Cleveland. Browns,DEF,CLE,9.0,100.0,169.0,2023,69.0,101.0,81.0,19.0,100.0,62.25531914893616,26.520833333333332,574.6804078014185,126.52083333333333,0.9022580827000956,100.0
246,J. Tucker,K,BAL,7.0,111.0,154.0,2023,43.0,92.5,83.0,28.0,94.16666666666667,53.80141843971625,11.041666666666666,2135.1471631205677,105.20833333333333,0.9754213420575798,110.58625925796926
247,T. Bass,K,BUF,7.0,109.0,127.0,2023,18.0,92.5,83.0,26.0,94.16666666666667,53.80141843971625,11.041666666666666,2135.1471631205677,105.20833333333333,0.9754213420575798,108.6354165738541
248,E. McPherson,K,CIN,10.0,107.0,135.0,2023,28.0,92.5,83.0,24.0,94.16666666666667,53.80141843971625,11.041666666666666,2135.1471631205677,105.20833333333333,0.9754213420575798,106.68457388973894
249,H. Butker,K,KC,10.0,105.0,152.0,2023,47.0,92.5,83.0,22.0,94.16666666666667,53.80141843971625,11.041666666666666,2135.1471631205677,105.20833333333333,0.9754213420575798,104.73373120562378
250,D. Carlson,K,LV,8.0,104.0,117.0,2023,13.0,92.5,83.0,21.0,94.16666666666667,53.80141843971625,11.041666666666666,2135.1471631205677,105.20833333333333,0.9754213420575798,103.7583098635662
251,Y. Koo,K,ATL,5.0,103.0,132.0,2023,29.0,92.5,83.0,20.0,94.16666666666667,53.80141843971625,11.041666666666666,2135.1471631205677,105.20833333333333,0.9754213420575798,102.78288852150862
252,J. Sanders,K,MIA,12.0,99.0,141.0,2023,42.0,92.5,83.0,16.0,94.16666666666667,53.80141843971625,11.041666666666666,2135.1471631205677,105.20833333333333,0.9754213420575798,98.8812031532783
253,J. Sanders,K,MIA,12.0,99.0,0.0,2023,-99.0,92.5,83.0,16.0,94.16666666666667,53.80141843971625,11.041666666666666,2135.1471631205677,105.20833333333333,0.9754213420575798,98.8812031532783
254,G. Gano,K,NYG,14.0,98.0,44.0,2023,-54.0,92.5,83.0,15.0,94.16666666666667,53.80141843971625,11.041666666666666,2135.1471631205677,105.20833333333333,0.9754213420575798,97.90578181122072
255,R. Patterson,K,CLE,9.0,95.0,88.0,2023,-7.0,92.5,83.0,12.0,94.16666666666667,53.80141843971625,11.041666666666666,2135.1471631205677,105.20833333333333,0.9754213420575798,94.97951778504799
256,M. Gay,K,IND,11.0,94.0,148.0,2023,54.0,92.5,83.0,11.0,94.16666666666667,53.80141843971625,11.041666666666666,2135.1471631205677,105.20833333333333,0.9754213420575798,94.0040964429904
257,J. Elliott,K,PHI,9.0,93.0,153.0,2023,60.0,92.5,83.0,10.0,94.16666666666667,53.80141843971625,11.041666666666666,2135.1471631205677,105.20833333333333,0.9754213420575798,93.02867510093283
258,M. Ammendola,"K, P",,,6.0,25.0,2023,19.0,0.0,0.0,6.0,5.666666666666667,68.0,-2.888888888888889,135.36111111111114,2.7777777777777777,0.6656194508946865,5.8885398169648955
259,R. Santoso,"K, P",,,6.0,0.0,2023,-6.0,0.0,0.0,6.0,5.666666666666667,68.0,-2.888888888888889,135.36111111111114,2.7777777777777777,0.6656194508946865,5.8885398169648955
260,K. Vedvik,"K, P",,,0.0,0.0,2023,0.0,0.0,0.0,0.0,5.666666666666667,68.0,-2.888888888888889,135.36111111111114,2.7777777777777777,0.6656194508946865,1.8948231115967764
261,B. Wright,"P, K",,,0.0,22.0,2023,22.0,0.0,0.0,0.0,0.0,0.0,4.25,100.75000000000001,4.25,1.0,0.0
262,B. Wright,"P, K",,,0.0,0.0,2023,0.0,0.0,0.0,0.0,0.0,0.0,4.25,100.75000000000001,4.25,1.0,0.0
263,M. Wile,"P, K",,,0.0,0.0,2023,0.0,0.0,0.0,0.0,0.0,0.0,4.25,100.75000000000001,4.25,1.0,0.0
264,M. Palardy,"P, K",,,0.0,0.0,2023,0.0,0.0,0.0,0.0,0.0,0.0,4.25,100.75000000000001,4.25,1.0,0.0
265,T. Long,"P, K",,,0.0,0.0,2023,0.0,0.0,0.0,0.0,0.0,0.0,4.25,100.75000000000001,4.25,1.0,0.0
266,J. Hurts,QB,PHI,9.0,376.0,363.0,2023,-13.0,307.0,157.0,219.0,296.3541666666667,3200.105939716308,-127.9375,15467.464095744686,168.41666666666666,0.8285740493466812,362.34663730525756
267,P. Mahomes,QB,KC,10.0,375.0,289.0,2023,-86.0,307.0,157.0,218.0,296.3541666666667,3200.105939716308,-127.9375,15467.464095744686,168.41666666666666,0.8285740493466812,361.5180632559109
268,J. Allen,QB,BUF,7.0,374.0,404.0,2023,30.0,307.0,157.0,217.0,296.3541666666667,3200.105939716308,-127.9375,15467.464095744686,168.41666666666666,0.8285740493466812,360.6894892065642
269,J. Allen,QB,BUF,7.0,374.0,0.0,2023,-374.0,307.0,157.0,217.0,296.3541666666667,3200.105939716308,-127.9375,15467.464095744686,168.41666666666666,0.8285740493466812,360.6894892065642
270,J. Allen,QB,BUF,7.0,374.0,0.0,2023,-374.0,307.0,157.0,217.0,296.3541666666667,3200.105939716308,-127.9375,15467.464095744686,168.41666666666666,0.8285740493466812,360.6894892065642
271,L. Jackson,QB,BAL,7.0,357.0,327.0,2023,-30.0,307.0,157.0,200.0,296.3541666666667,3200.105939716308,-127.9375,15467.464095744686,168.41666666666666,0.8285740493466812,346.6037303676706
272,L. Jackson,QB,BAL,7.0,357.0,0.0,2023,-357.0,307.0,157.0,200.0,296.3541666666667,3200.105939716308,-127.9375,15467.464095744686,168.41666666666666,0.8285740493466812,346.6037303676706
273,J. Burrow,QB,CIN,10.0,335.0,151.0,2023,-184.0,307.0,157.0,178.0,296.3541666666667,3200.105939716308,-127.9375,15467.464095744686,168.41666666666666,0.8285740493466812,328.37510128204366
274,J. Herbert,QB,LAC,12.0,317.0,237.0,2023,-80.0,307.0,157.0,160.0,296.3541666666667,3200.105939716308,-127.9375,15467.464095744686,168.41666666666666,0.8285740493466812,313.4607683938034
275,T. Tagovailoa,QB,MIA,12.0,311.0,271.0,2023,-40.0,307.0,157.0,154.0,296.3541666666667,3200.105939716308,-127.9375,15467.464095744686,168.41666666666666,0.8285740493466812,308.4893240977233
276,T. Tagovailoa,QB,MIA,12.0,311.0,0.0,2023,-311.0,307.0,157.0,154.0,296.3541666666667,3200.105939716308,-127.9375,15467.464095744686,168.41666666666666,0.8285740493466812,308.4893240977233
277,J. Fields,QB,CHI,5.0,311.0,229.0,2023,-82.0,307.0,157.0,154.0,296.3541666666667,3200.105939716308,-127.9375,15467.464095744686,168.41666666666666,0.8285740493466812,308.4893240977233
278,C. McCaffrey,RB,SF,14.0,309.0,355.0,2023,46.0,187.0,79.0,230.0,170.35416666666666,3068.3364035087707,-73.53125,5903.451644736843,96.82291666666667,0.6580016840557477,261.5833584873125
279,A. Ekeler,RB,LAC,12.0,261.0,155.0,2023,-106.0,187.0,79.0,182.0,170.35416666666666,3068.3364035087707,-73.53125,5903.451644736843,96.82291666666667,0.6580016840557477,229.99927765263664
280,B. Robinson,RB,ATL,5.0,237.0,213.0,2023,-24.0,187.0,79.0,158.0,170.35416666666666,3068.3364035087707,-73.53125,5903.451644736843,96.82291666666667,0.6580016840557477,214.2072372352987
281,B. Robinson,RB,ATL,5.0,237.0,176.0,2023,-61.0,187.0,79.0,158.0,170.35416666666666,3068.3364035087707,-73.53125,5903.451644736843,96.82291666666667,0.6580016840557477,214.2072372352987
282,D. Henry,RB,TEN,10.0,230.0,233.0,2023,3.0,187.0,79.0,151.0,170.35416666666666,3068.3364035087707,-73.53125,5903.451644736843,96.82291666666667,0.6580016840557477,209.60122544690844
283,S. Barkley,RB,NYG,14.0,229.0,201.0,2023,-28.0,187.0,79.0,150.0,170.35416666666666,3068.3364035087707,-73.53125,5903.451644736843,96.82291666666667,0.6580016840557477,208.9432237628527
284,J. Jacobs,RB,LV,8.0,222.0,160.0,2023,-62.0,187.0,79.0,143.0,170.35416666666666,3068.3364035087707,-73.53125,5903.451644736843,96.82291666666667,0.6580016840557477,204.33721197446246
285,T. Etienne,RB,JAX,8.0,217.0,253.0,2023,36.0,187.0,79.0,138.0,170.35416666666666,3068.3364035087707,-73.53125,5903.451644736843,96.82291666666667,0.6580016840557477,201.04720355418374
286,T. Etienne,RB,JAX,8.0,217.0,0.0,2023,-217.0,187.0,79.0,138.0,170.35416666666666,3068.3364035087707,-73.53125,5903.451644736843,96.82291666666667,0.6580016840557477,201.04720355418374
287,T. Pollard,RB,DAL,10.0,213.0,192.0,2023,-21.0,187.0,79.0,134.0,170.35416666666666,3068.3364035087707,-73.53125,5903.451644736843,96.82291666666667,0.6580016840557477,198.41519681796075
288,D. Montgomery,RB,DET,8.0,213.0,197.0,2023,-16.0,187.0,79.0,134.0,170.35416666666666,3068.3364035087707,-73.53125,5903.451644736843,96.82291666666667,0.6580016840557477,198.41519681796075
289,D. Montgomery,RB,DET,8.0,213.0,13.0,2023,-200.0,187.0,79.0,134.0,170.35416666666666,3068.3364035087707,-73.53125,5903.451644736843,96.82291666666667,0.6580016840557477,198.41519681796075
290,R. Stevenson,RB,NE,14.0,204.0,126.0,2023,-78.0,187.0,79.0,125.0,170.35416666666666,3068.3364035087707,-73.53125,5903.451644736843,96.82291666666667,0.6580016840557477,192.493181661459
291,N. Harris,RB,PIT,5.0,203.0,179.0,2023,-24.0,187.0,79.0,124.0,170.35416666666666,3068.3364035087707,-73.53125,5903.451644736843,96.82291666666667,0.6580016840557477,191.83517997740324
292,J. Mixon,RB,CIN,10.0,202.0,241.0,2023,39.0,187.0,79.0,123.0,170.35416666666666,3068.3364035087707,-73.53125,5903.451644736843,96.82291666666667,0.6580016840557477,191.1771782933475
293,D. Pierce,RB,HOU,6.0,201.0,76.0,2023,-125.0,187.0,79.0,122.0,170.35416666666666,3068.3364035087707,-73.53125,5903.451644736843,96.82291666666667,0.6580016840557477,190.51917660929178
294,K. Walker,RB,SEA,8.0,195.0,184.0,2023,-11.0,187.0,79.0,116.0,170.35416666666666,3068.3364035087707,-73.53125,5903.451644736843,96.82291666666667,0.6580016840557477,186.57116650495726
295,A. Jones,RB,GB,5.0,188.0,118.0,2023,-70.0,187.0,79.0,109.0,170.35416666666666,3068.3364035087707,-73.53125,5903.451644736843,96.82291666666667,0.6580016840557477,181.96515471656704
296,A. Jones,RB,GB,5.0,188.0,0.0,2023,-188.0,187.0,79.0,109.0,170.35416666666666,3068.3364035087707,-73.53125,5903.451644736843,96.82291666666667,0.6580016840557477,181.96515471656704
297,A. Jones,RB,GB,5.0,188.0,0.0,2023,-188.0,187.0,79.0,109.0,170.35416666666666,3068.3364035087707,-73.53125,5903.451644736843,96.82291666666667,0.6580016840557477,181.96515471656704
298,B. Hall,RB,NYJ,9.0,184.0,251.0,2023,67.0,187.0,79.0,105.0,170.35416666666666,3068.3364035087707,-73.53125,5903.451644736843,96.82291666666667,0.6580016840557477,179.33314798034405
299,M. Sanders,RB,CAR,14.0,182.0,72.0,2023,-110.0,187.0,79.0,103.0,170.35416666666666,3068.3364035087707,-73.53125,5903.451644736843,96.82291666666667,0.6580016840557477,178.01714461223256
300,J. Williams,RB,DEN,12.0,181.0,155.0,2023,-26.0,187.0,79.0,102.0,170.35416666666666,3068.3364035087707,-73.53125,5903.451644736843,96.82291666666667,0.6580016840557477,177.35914292817682
301,J. Williams,RB,DEN,12.0,181.0,51.0,2023,-130.0,187.0,79.0,102.0,170.35416666666666,3068.3364035087707,-73.53125,5903.451644736843,96.82291666666667,0.6580016840557477,177.35914292817682
302,T. Kelce,TE,KC,10.0,206.0,172.0,2023,-34.0,129.0,70.0,136.0,126.04166666666667,1039.0195035460995,-39.520833333333336,2749.829343971631,86.52083333333333,0.7257690804353901,184.07295272314641
303,M. Andrews,TE,BAL,7.0,170.0,112.0,2023,-58.0,129.0,70.0,100.0,126.04166666666667,1039.0195035460995,-39.520833333333336,2749.829343971631,86.52083333333333,0.7257690804353901,157.94526582747235
304,T. Hockenson,TE,MIN,6.0,148.0,171.0,2023,23.0,129.0,70.0,78.0,126.04166666666667,1039.0195035460995,-39.520833333333336,2749.829343971631,86.52083333333333,0.7257690804353901,141.97834605789376
305,G. Kittle,TE,SF,14.0,144.0,171.0,2023,27.0,129.0,70.0,74.0,126.04166666666667,1039.0195035460995,-39.520833333333336,2749.829343971631,86.52083333333333,0.7257690804353901,139.07526973615222
306,D. Waller,TE,NYG,14.0,143.0,87.0,2023,-56.0,129.0,70.0,73.0,126.04166666666667,1039.0195035460995,-39.520833333333336,2749.829343971631,86.52083333333333,0.7257690804353901,138.34950065571684
307,D. Goedert,TE,PHI,9.0,138.0,107.0,2023,-31.0,129.0,70.0,68.0,126.04166666666667,1039.0195035460995,-39.520833333333336,2749.829343971631,86.52083333333333,0.7257690804353901,134.72065525353986
308,K. Pitts,TE,ATL,5.0,137.0,111.0,2023,-26.0,129.0,70.0,67.0,126.04166666666667,1039.0195035460995,-39.520833333333336,2749.829343971631,86.52083333333333,0.7257690804353901,133.99488617310448
309,D. Njoku,TE,CLE,9.0,134.0,159.0,2023,25.0,129.0,70.0,64.0,126.04166666666667,1039.0195035460995,-39.520833333333336,2749.829343971631,86.52083333333333,0.7257690804353901,131.81757893179832
310,E. Engram,TE,JAX,8.0,134.0,170.0,2023,36.0,129.0,70.0,64.0,126.04166666666667,1039.0195035460995,-39.520833333333336,2749.829343971631,86.52083333333333,0.7257690804353901,131.81757893179832
311,P. Freiermuth,TE,PIT,5.0,133.0,61.0,2023,-72.0,129.0,70.0,63.0,126.04166666666667,1039.0195035460995,-39.520833333333336,2749.829343971631,86.52083333333333,0.7257690804353901,131.09180985136294
312,S. LaPorta,TE,DET,8.0,120.0,196.0,2023,76.0,129.0,70.0,50.0,126.04166666666667,1039.0195035460995,-39.520833333333336,2749.829343971631,86.52083333333333,0.7257690804353901,121.65681180570286
313,H. Henry,TE,NE,14.0,117.0,98.0,2023,-19.0,129.0,70.0,47.0,126.04166666666667,1039.0195035460995,-39.520833333333336,2749.829343971631,86.52083333333333,0.7257690804353901,119.47950456439668
314,J. Jefferson,WR,MIN,6.0,289.0,167.0,2023,-122.0,182.0,99.0,190.0,171.67361111111111,2232.613005050504,-75.90277777777777,5944.577894327896,95.77083333333333,0.7269706635783421,256.9664538969173
315,J. Jefferson,WR,MIN,6.0,289.0,0.0,2023,-289.0,182.0,99.0,190.0,171.67361111111111,2232.613005050504,-75.90277777777777,5944.577894327896,95.77083333333333,0.7269706635783421,256.9664538969173
316,J. Chase,WR,CIN,10.0,267.0,212.0,2023,-55.0,182.0,99.0,168.0,171.67361111111111,2232.613005050504,-75.90277777777777,5944.577894327896,95.77083333333333,0.7269706635783421,240.97309929819374
317,T. Hill,WR,MIA,12.0,254.0,316.0,2023,62.0,182.0,99.0,155.0,171.67361111111111,2232.613005050504,-75.90277777777777,5944.577894327896,95.77083333333333,0.7269706635783421,231.5224806716753
318,T. Hill,WR,MIA,12.0,254.0,126.0,2023,-128.0,182.0,99.0,155.0,171.67361111111111,2232.613005050504,-75.90277777777777,5944.577894327896,95.77083333333333,0.7269706635783421,231.5224806716753
319,D. Adams,WR,LV,8.0,241.0,214.0,2023,-27.0,182.0,99.0,142.0,171.67361111111111,2232.613005050504,-75.90277777777777,5944.577894327896,95.77083333333333,0.7269706635783421,222.07186204515688
320,S. Diggs,WR,BUF,7.0,241.0,218.0,2023,-23.0,182.0,99.0,142.0,171.67361111111111,2232.613005050504,-75.90277777777777,5944.577894327896,95.77083333333333,0.7269706635783421,222.07186204515688
321,A. Brown,WR,PHI,9.0,238.0,235.0,2023,-3.0,182.0,99.0,139.0,171.67361111111111,2232.613005050504,-75.90277777777777,5944.577894327896,95.77083333333333,0.7269706635783421,219.89095005442184
322,A. Brown,WR,PHI,9.0,238.0,0.0,2023,-238.0,182.0,99.0,139.0,171.67361111111111,2232.613005050504,-75.90277777777777,5944.577894327896,95.77083333333333,0.7269706635783421,219.89095005442184
323,A. Brown,WR,PHI,9.0,238.0,0.0,2023,-238.0,182.0,99.0,139.0,171.67361111111111,2232.613005050504,-75.90277777777777,5944.577894327896,95.77083333333333,0.7269706635783421,219.89095005442184
324,A. Brown,WR,PHI,9.0,238.0,0.0,2023,-238.0,182.0,99.0,139.0,171.67361111111111,2232.613005050504,-75.90277777777777,5944.577894327896,95.77083333333333,0.7269706635783421,219.89095005442184
325,A. Brown,WR,PHI,9.0,238.0,0.0,2023,-238.0,182.0,99.0,139.0,171.67361111111111,2232.613005050504,-75.90277777777777,5944.577894327896,95.77083333333333,0.7269706635783421,219.89095005442184
326,C. Lamb,WR,DAL,10.0,233.0,333.0,2023,100.0,182.0,99.0,134.0,171.67361111111111,2232.613005050504,-75.90277777777777,5944.577894327896,95.77083333333333,0.7269706635783421,216.25609673653014
327,A. St. Brown,WR,DET,8.0,213.0,270.0,2023,57.0,182.0,99.0,114.0,171.67361111111111,2232.613005050504,-75.90277777777777,5944.577894327896,95.77083333333333,0.7269706635783421,201.7166834649633
328,J. Waddle,WR,MIA,12.0,205.0,163.0,2023,-42.0,182.0,99.0,106.0,171.67361111111111,2232.613005050504,-75.90277777777777,5944.577894327896,95.77083333333333,0.7269706635783421,195.90091815633656
329,G. Wilson,WR,NYJ,9.0,201.0,164.0,2023,-37.0,182.0,99.0,102.0,171.67361111111111,2232.613005050504,-75.90277777777777,5944.577894327896,95.77083333333333,0.7269706635783421,192.9930355020232
330,C. Ridley,WR,JAX,8.0,198.0,191.0,2023,-7.0,182.0,99.0,99.0,171.67361111111111,2232.613005050504,-75.90277777777777,5944.577894327896,95.77083333333333,0.7269706635783421,190.81212351128815
331,C. Olave,WR,NO,11.0,196.0,188.0,2023,-8.0,182.0,99.0,97.0,171.67361111111111,2232.613005050504,-75.90277777777777,5944.577894327896,95.77083333333333,0.7269706635783421,189.35818218413146
332,D. Smith,WR,PHI,9.0,196.0,186.0,2023,-10.0,182.0,99.0,97.0,171.67361111111111,2232.613005050504,-75.90277777777777,5944.577894327896,95.77083333333333,0.7269706635783421,189.35818218413146
333,D. Smith,WR,PHI,9.0,196.0,0.0,2023,-196.0,182.0,99.0,97.0,171.67361111111111,2232.613005050504,-75.90277777777777,5944.577894327896,95.77083333333333,0.7269706635783421,189.35818218413146
334,D. Smith,WR,PHI,9.0,196.0,0.0,2023,-196.0,182.0,99.0,97.0,171.67361111111111,2232.613005050504,-75.90277777777777,5944.577894327896,95.77083333333333,0.7269706635783421,189.35818218413146
335,T. Higgins,WR,CIN,10.0,195.0,117.0,2023,-78.0,182.0,99.0,96.0,171.67361111111111,2232.613005050504,-75.90277777777777,5944.577894327896,95.77083333333333,0.7269706635783421,188.63121152055314
336,C. Kupp,WR,LAR,8.0,192.0,135.0,2023,-57.0,182.0,99.0,93.0,171.67361111111111,2232.613005050504,-75.90277777777777,5944.577894327896,95.77083333333333,0.7269706635783421,186.4502995298181
337,D. Samuel,WR,SF,14.0,189.0,213.0,2023,24.0,182.0,99.0,90.0,171.67361111111111,2232.613005050504,-75.90277777777777,5944.577894327896,95.77083333333333,0.7269706635783421,184.26938753908308
338,C. Godwin,WR,TB,9.0,188.0,168.0,2023,-20.0,182.0,99.0,89.0,171.67361111111111,2232.613005050504,-75.90277777777777,5944.577894327896,95.77083333333333,0.7269706635783421,183.54241687550473
339,D. Metcalf,WR,SEA,8.0,187.0,192.0,2023,5.0,182.0,99.0,88.0,171.67361111111111,2232.613005050504,-75.90277777777777,5944.577894327896,95.77083333333333,0.7269706635783421,182.8154462119264
340,P. Nacua,WR,LAR,8.0,186.0,245.0,2023,59.0,182.0,99.0,87.0,171.67361111111111,2232.613005050504,-75.90277777777777,5944.577894327896,95.77083333333333,0.7269706635783421,182.08847554834804
341,M. Evans,WR,TB,9.0,186.0,243.0,2023,57.0,182.0,99.0,87.0,171.67361111111111,2232.613005050504,-75.90277777777777,5944.577894327896,95.77083333333333,0.7269706635783421,182.08847554834804
342,M. Evans,WR,TB,9.0,186.0,0.0,2023,-186.0,182.0,99.0,87.0,171.67361111111111,2232.613005050504,-75.90277777777777,5944.577894327896,95.77083333333333,0.7269706635783421,182.08847554834804
343,D. Moore,WR,CHI,5.0,185.0,238.0,2023,53.0,182.0,99.0,86.0,171.67361111111111,2232.613005050504,-75.90277777777777,5944.577894327896,95.77083333333333,0.7269706635783421,181.36150488476972
344,D. Moore,WR,CHI,5.0,185.0,18.0,2023,-167.0,182.0,99.0,86.0,171.67361111111111,2232.613005050504,-75.90277777777777,5944.577894327896,95.77083333333333,0.7269706635783421,181.36150488476972
345,A. Cooper,WR,CLE,9.0,184.0,189.0,2023,5.0,182.0,99.0,85.0,171.67361111111111,2232.613005050504,-75.90277777777777,5944.577894327896,95.77083333333333,0.7269706635783421,180.63453422119136
346,K. Allen,WR,LAC,12.0,182.0,223.0,2023,41.0,182.0,99.0,83.0,171.67361111111111,2232.613005050504,-75.90277777777777,5944.577894327896,95.77083333333333,0.7269706635783421,179.18059289403467
347,K. Allen,WR,LAC,12.0,182.0,-1.0,2023,-183.0,182.0,99.0,83.0,171.67361111111111,2232.613005050504,-75.90277777777777,5944.577894327896,95.77083333333333,0.7269706635783421,179.18059289403467
348,K. Allen,WR,LAC,12.0,182.0,0.0,2023,-182.0,182.0,99.0,83.0,171.67361111111111,2232.613005050504,-75.90277777777777,5944.577894327896,95.77083333333333,0.7269706635783421,179.18059289403467
349,D. London,WR,ATL,5.0,182.0,140.0,2023,-42.0,182.0,99.0,83.0,171.67361111111111,2232.613005050504,-75.90277777777777,5944.577894327896,95.77083333333333,0.7269706635783421,179.18059289403467
350,T. Hunter,"WR, DB - JAX(8)",,,0.0,0.0,2023,0.0,0.0,0.0,0.0,0.0,0.0,0.0,0.0,0.0,,
351,New York. Jets,DEF,NYJ,9.0,112.0,108.0,2024,-4.0,101.0,81.0,31.0,100.0,62.25531914893616,26.520833333333332,574.6804078014185,126.52083333333333,0.9022580827000956,110.82709699240115
352,San Francisco. 49ers,DEF,SF,14.0,109.0,96.0,2024,-13.0,101.0,81.0,28.0,100.0,62.25531914893616,26.520833333333332,574.6804078014185,126.52083333333333,0.9022580827000956,108.12032274430086
353,Pittsburgh. Steelers,DEF,PIT,5.0,108.0,164.0,2024,56.0,101.0,81.0,27.0,100.0,62.25531914893616,26.520833333333332,574.6804078014185,126.52083333333333,0.9022580827000956,107.21806466160076
354,Kansas City. Chiefs,DEF,KC,10.0,107.0,119.0,2024,12.0,101.0,81.0,26.0,100.0,62.25531914893616,26.520833333333332,574.6804078014185,126.52083333333333,0.9022580827000956,106.31580657890068
355,Dallas. Cowboys,DEF,DAL,10.0,107.0,128.0,2024,21.0,101.0,81.0,26.0,100.0,62.25531914893616,26.520833333333332,574.6804078014185,126.52083333333333,0.9022580827000956,106.31580657890068
356,Baltimore. Ravens,DEF,BAL,7.0,106.0,132.0,2024,26.0,101.0,81.0,25.0,100.0,62.25531914893616,26.520833333333332,574.6804078014185,126.52083333333333,0.9022580827000956,105.41354849620058
357,Cleveland. Browns,DEF,CLE,9.0,104.0,92.0,2024,-12.0,101.0,81.0,23.0,100.0,62.25531914893616,26.520833333333332,574.6804078014185,126.52083333333333,0.9022580827000956,103.60903233080039
358,Buffalo. Bills,DEF,BUF,7.0,104.0,149.0,2024,45.0,101.0,81.0,23.0,100.0,62.25531914893616,26.520833333333332,574.6804078014185,126.52083333333333,0.9022580827000956,103.60903233080039
359,Miami. Dolphins,DEF,MIA,12.0,103.0,92.0,2024,-11.0,101.0,81.0,22.0,100.0,62.25531914893616,26.520833333333332,574.6804078014185,126.52083333333333,0.9022580827000956,102.70677424810029
360,Houston. Texans,DEF,HOU,6.0,103.0,148.0,2024,45.0,101.0,81.0,22.0,100.0,62.25531914893616,26.520833333333332,574.6804078014185,126.52083333333333,0.9022580827000956,102.70677424810029
361,Detroit. Lions,DEF,DET,8.0,103.0,136.0,2024,33.0,101.0,81.0,22.0,100.0,62.25531914893616,26.520833333333332,574.6804078014185,126.52083333333333,0.9022580827000956,102.70677424810029
362,Seattle. Seahawks,DEF,SEA,8.0,101.0,149.0,2024,48.0,101.0,81.0,20.0,100.0,62.25531914893616,26.520833333333332,574.6804078014185,126.52083333333333,0.9022580827000956,100.9022580827001
363,J. Tucker,K,BAL,7.0,108.0,133.0,2024,25.0,92.5,83.0,25.0,94.16666666666667,53.80141843971625,11.041666666666666,2135.1471631205677,105.20833333333333,0.9754213420575798,107.65999523179653
364,E. McPherson,K,CIN,10.0,107.0,87.0,2024,-20.0,92.5,83.0,24.0,94.16666666666667,53.80141843971625,11.041666666666666,2135.1471631205677,105.20833333333333,0.9754213420575798,106.68457388973894
365,H. Butker,K,KC,10.0,102.0,94.0,2024,-8.0,92.5,83.0,19.0,94.16666666666667,53.80141843971625,11.041666666666666,2135.1471631205677,105.20833333333333,0.9754213420575798,101.80746717945104
366,B. Aubrey,K,DAL,10.0,99.0,185.0,2024,86.0,92.5,83.0,16.0,94.16666666666667,53.80141843971625,11.041666666666666,2135.1471631205677,105.20833333333333,0.9754213420575798,98.8812031532783
367,Y. Koo,K,ATL,5.0,96.0,111.0,2024,15.0,92.5,83.0,13.0,94.16666666666667,53.80141843971625,11.041666666666666,2135.1471631205677,105.20833333333333,0.9754213420575798,95.95493912710556
368,G. Zuerlein,K,NYJ,9.0,95.0,34.0,2024,-61.0,92.5,83.0,12.0,94.16666666666667,53.80141843971625,11.041666666666666,2135.1471631205677,105.20833333333333,0.9754213420575798,94.97951778504799
369,C. Dicker,K,LAC,12.0,94.0,173.0,2024,79.0,92.5,83.0,11.0,94.16666666666667,53.80141843971625,11.041666666666666,2135.1471631205677,105.20833333333333,0.9754213420575798,94.0040964429904
370,K. Fairbairn,K,HOU,6.0,94.0,164.0,2024,70.0,92.5,83.0,11.0,94.16666666666667,53.80141843971625,11.041666666666666,2135.1471631205677,105.20833333333333,0.9754213420575798,94.0040964429904
371,J. Moody,K,SF,14.0,93.0,107.0,2024,14.0,92.5,83.0,10.0,94.16666666666667,53.80141843971625,11.041666666666666,2135.1471631205677,105.20833333333333,0.9754213420575798,93.02867510093283
372,J. Sanders,K,MIA,12.0,91.0,160.0,2024,69.0,92.5,83.0,8.0,94.16666666666667,53.80141843971625,11.041666666666666,2135.1471631205677,105.20833333333333,0.9754213420575798,91.07783241681767
373,J. Sanders,K,MIA,12.0,91.0,56.0,2024,-35.0,92.5,83.0,8.0,94.16666666666667,53.80141843971625,11.041666666666666,2135.1471631205677,105.20833333333333,0.9754213420575798,91.07783241681767
374,J. Elliott,K,PHI,9.0,91.0,132.0,2024,41.0,92.5,83.0,8.0,94.16666666666667,53.80141843971625,11.041666666666666,2135.1471631205677,105.20833333333333,0.9754213420575798,91.07783241681767
375,M. Ammendola,"K, P",,,20.0,0.0,2024,-20.0,0.0,0.0,20.0,5.666666666666667,68.0,-2.888888888888889,135.36111111111114,2.7777777777777777,0.6656194508946865,15.207212129490507
376,R. Santoso,"K, P",,,0.0,0.0,2024,0.0,0.0,0.0,0.0,5.666666666666667,68.0,-2.888888888888889,135.36111111111114,2.7777777777777777,0.6656194508946865,1.8948231115967764
377,K. Vedvik,"K, P",,,0.0,0.0,2024,0.0,0.0,0.0,0.0,5.666666666666667,68.0,-2.888888888888889,135.36111111111114,2.7777777777777777,0.6656194508946865,1.8948231115967764
378,B. Wright,"P, K",,,0.0,29.0,2024,29.0,0.0,0.0,0.0,0.0,0.0,4.25,100.75000000000001,4.25,1.0,0.0
379,B. Wright,"P, K",,,0.0,0.0,2024,0.0,0.0,0.0,0.0,0.0,0.0,4.25,100.75000000000001,4.25,1.0,0.0
380,M. Wile,"P, K",,,0.0,0.0,2024,0.0,0.0,0.0,0.0,0.0,0.0,4.25,100.75000000000001,4.25,1.0,0.0
381,T. Long,"P, K",,,0.0,0.0,2024,0.0,0.0,0.0,0.0,0.0,0.0,4.25,100.75000000000001,4.25,1.0,0.0
382,M. Palardy,"P, K - ARI(8)",,,0.0,0.0,2024,0.0,0.0,0.0,0.0,0.0,,0.0,,0.0,,
383,J. Allen,QB,BUF,7.0,359.0,380.0,2024,21.0,307.0,157.0,202.0,296.3541666666667,3200.105939716308,-127.9375,15467.464095744686,168.41666666666666,0.8285740493466812,348.260878466364
384,J. Allen,QB,BUF,7.0,359.0,0.0,2024,-359.0,307.0,157.0,202.0,296.3541666666667,3200.105939716308,-127.9375,15467.464095744686,168.41666666666666,0.8285740493466812,348.260878466364
385,J. Allen,QB,BUF,7.0,359.0,0.0,2024,-359.0,307.0,157.0,202.0,296.3541666666667,3200.105939716308,-127.9375,15467.464095744686,168.41666666666666,0.8285740493466812,348.260878466364
386,L. Jackson,QB,BAL,7.0,350.0,424.0,2024,74.0,307.0,157.0,193.0,296.3541666666667,3200.105939716308,-127.9375,15467.464095744686,168.41666666666666,0.8285740493466812,340.8037120222439
387,L. Jackson,QB,BAL,7.0,350.0,0.0,2024,-350.0,307.0,157.0,193.0,296.3541666666667,3200.105939716308,-127.9375,15467.464095744686,168.41666666666666,0.8285740493466812,340.8037120222439
388,J. Hurts,QB,PHI,9.0,346.0,311.0,2024,-35.0,307.0,157.0,189.0,296.3541666666667,3200.105939716308,-127.9375,15467.464095744686,168.41666666666666,0.8285740493466812,337.48941582485713
389,J. Daniels,QB,WAS,12.0,342.0,360.0,2024,18.0,307.0,157.0,185.0,296.3541666666667,3200.105939716308,-127.9375,15467.464095744686,168.41666666666666,0.8285740493466812,334.1751196274704
390,P. Mahomes,QB,KC,10.0,326.0,292.0,2024,-34.0,307.0,157.0,169.0,296.3541666666667,3200.105939716308,-127.9375,15467.464095744686,168.41666666666666,0.8285740493466812,320.9179348379235
391,C. Stroud,QB,HOU,6.0,322.0,226.0,2024,-96.0,307.0,157.0,165.0,296.3541666666667,3200.105939716308,-127.9375,15467.464095744686,168.41666666666666,0.8285740493466812,317.6036386405368
392,K. Murray,QB,ARI,8.0,317.0,300.0,2024,-17.0,307.0,157.0,160.0,296.3541666666667,3200.105939716308,-127.9375,15467.464095744686,168.41666666666666,0.8285740493466812,313.4607683938034
393,J. Burrow,QB,CIN,10.0,312.0,371.0,2024,59.0,307.0,157.0,155.0,296.3541666666667,3200.105939716308,-127.9375,15467.464095744686,168.41666666666666,0.8285740493466812,309.31789814706997
394,B. Purdy,QB,SF,14.0,307.0,272.0,2024,-35.0,307.0,157.0,150.0,296.3541666666667,3200.105939716308,-127.9375,15467.464095744686,168.41666666666666,0.8285740493466812,305.17502790033654
395,D. Henry,RB,BAL,7.0,278.0,324.0,2024,46.0,187.0,79.0,199.0,170.35416666666666,3068.3364035087707,-73.53125,5903.451644736843,96.82291666666667,0.6580016840557477,241.18530628158433
396,S. Barkley,RB,PHI,9.0,260.0,337.0,2024,77.0,187.0,79.0,181.0,170.35416666666666,3068.3364035087707,-73.53125,5903.451644736843,96.82291666666667,0.6580016840557477,229.34127596858087
397,B. Hall,RB,NYJ,9.0,257.0,206.0,2024,-51.0,187.0,79.0,178.0,170.35416666666666,3068.3364035087707,-73.53125,5903.451644736843,96.82291666666667,0.6580016840557477,227.36727091641364
398,C. McCaffrey,RB,SF,14.0,250.0,39.0,2024,-211.0,187.0,79.0,171.0,170.35416666666666,3068.3364035087707,-73.53125,5903.451644736843,96.82291666666667,0.6580016840557477,222.7612591280234
399,B. Robinson,RB,ATL,5.0,240.0,310.0,2024,70.0,187.0,79.0,161.0,170.35416666666666,3068.3364035087707,-73.53125,5903.451644736843,96.82291666666667,0.6580016840557477,216.18124228746592
400,B. Robinson,RB,ATL,5.0,240.0,148.0,2024,-92.0,187.0,79.0,161.0,170.35416666666666,3068.3364035087707,-73.53125,5903.451644736843,96.82291666666667,0.6580016840557477,216.18124228746592
401,J. Taylor,RB,IND,11.0,227.0,233.0,2024,6.0,187.0,79.0,148.0,170.35416666666666,3068.3364035087707,-73.53125,5903.451644736843,96.82291666666667,0.6580016840557477,207.6272203947412
402,J. Taylor,RB,IND,11.0,227.0,5.0,2024,-222.0,187.0,79.0,148.0,170.35416666666666,3068.3364035087707,-73.53125,5903.451644736843,96.82291666666667,0.6580016840557477,207.6272203947412
403,I. Pacheco,RB,KC,10.0,215.0,51.0,2024,-164.0,187.0,79.0,136.0,170.35416666666666,3068.3364035087707,-73.53125,5903.451644736843,96.82291666666667,0.6580016840557477,199.73120018607221
404,D. Achane,RB,MIA,12.0,214.0,260.0,2024,46.0,187.0,79.0,135.0,170.35416666666666,3068.3364035087707,-73.53125,5903.451644736843,96.82291666666667,0.6580016840557477,199.07319850201648
405,A. Kamara,RB,NO,11.0,211.0,230.0,2024,19.0,187.0,79.0,132.0,170.35416666666666,3068.3364035087707,-73.53125,5903.451644736843,96.82291666666667,0.6580016840557477,197.09919344984922
406,K. Williams,RB,LAR,8.0,209.0,250.0,2024,41.0,187.0,79.0,130.0,170.35416666666666,3068.3364035087707,-73.53125,5903.451644736843,96.82291666666667,0.6580016840557477,195.78319008173776
407,K. Williams,RB,LAR,8.0,209.0,0.0,2024,-209.0,187.0,79.0,130.0,170.35416666666666,3068.3364035087707,-73.53125,5903.451644736843,96.82291666666667,0.6580016840557477,195.78319008173776
408,K. Williams,RB,LAR,8.0,209.0,0.0,2024,-209.0,187.0,79.0,130.0,170.35416666666666,3068.3364035087707,-73.53125,5903.451644736843,96.82291666666667,0.6580016840557477,195.78319008173776
409,K. Williams,RB,LAR,8.0,209.0,0.0,2024,-209.0,187.0,79.0,130.0,170.35416666666666,3068.3364035087707,-73.53125,5903.451644736843,96.82291666666667,0.6580016840557477,195.78319008173776
410,J. Gibbs,RB,DET,8.0,209.0,336.0,2024,127.0,187.0,79.0,130.0,170.35416666666666,3068.3364035087707,-73.53125,5903.451644736843,96.82291666666667,0.6580016840557477,195.78319008173776
411,J. Mixon,RB,HOU,6.0,204.0,223.0,2024,19.0,187.0,79.0,125.0,170.35416666666666,3068.3364035087707,-73.53125,5903.451644736843,96.82291666666667,0.6580016840557477,192.493181661459
412,T. Etienne,RB,JAX,8.0,204.0,110.0,2024,-94.0,187.0,79.0,125.0,170.35416666666666,3068.3364035087707,-73.53125,5903.451644736843,96.82291666666667,0.6580016840557477,192.493181661459
413,T. Etienne,RB,JAX,8.0,204.0,0.0,2024,-204.0,187.0,79.0,125.0,170.35416666666666,3068.3364035087707,-73.53125,5903.451644736843,96.82291666666667,0.6580016840557477,192.493181661459
414,D. Swift,RB,CHI,5.0,203.0,192.0,2024,-11.0,187.0,79.0,124.0,170.35416666666666,3068.3364035087707,-73.53125,5903.451644736843,96.82291666666667,0.6580016840557477,191.83517997740324
415,J. Jacobs,RB,GB,5.0,202.0,271.0,2024,69.0,187.0,79.0,123.0,170.35416666666666,3068.3364035087707,-73.53125,5903.451644736843,96.82291666666667,0.6580016840557477,191.1771782933475
416,J. Cook,RB,BUF,7.0,201.0,250.0,2024,49.0,187.0,79.0,122.0,170.35416666666666,3068.3364035087707,-73.53125,5903.451644736843,96.82291666666667,0.6580016840557477,190.51917660929178
417,J. Cook,RB,BUF,7.0,201.0,0.0,2024,-201.0,187.0,79.0,122.0,170.35416666666666,3068.3364035087707,-73.53125,5903.451644736843,96.82291666666667,0.6580016840557477,190.51917660929178
418,T. Pollard,RB,TEN,10.0,200.0,178.0,2024,-22.0,187.0,79.0,121.0,170.35416666666666,3068.3364035087707,-73.53125,5903.451644736843,96.82291666666667,0.6580016840557477,189.861174925236
419,G. Kittle,TE,SF,14.0,171.0,198.0,2024,27.0,129.0,70.0,101.0,126.04166666666667,1039.0195035460995,-39.520833333333336,2749.829343971631,86.52083333333333,0.7257690804353901,158.67103490790777
420,T. Kelce,TE,KC,10.0,171.0,145.0,2024,-26.0,129.0,70.0,101.0,126.04166666666667,1039.0195035460995,-39.520833333333336,2749.829343971631,86.52083333333333,0.7257690804353901,158.67103490790777
421,T. McBride,TE,ARI,8.0,161.0,194.0,2024,33.0,129.0,70.0,91.0,126.04166666666667,1039.0195035460995,-39.520833333333336,2749.829343971631,86.52083333333333,0.7257690804353901,151.41334410355387
422,B. Bowers,TE,LV,8.0,159.0,207.0,2024,48.0,129.0,70.0,89.0,126.04166666666667,1039.0195035460995,-39.520833333333336,2749.829343971631,86.52083333333333,0.7257690804353901,149.96180594268307
423,S. LaPorta,TE,DET,8.0,146.0,145.0,2024,-1.0,129.0,70.0,76.0,126.04166666666667,1039.0195035460995,-39.520833333333336,2749.829343971631,86.52083333333333,0.7257690804353901,140.526807897023
424,D. Kincaid,TE,BUF,7.0,145.0,78.0,2024,-67.0,129.0,70.0,75.0,126.04166666666667,1039.0195035460995,-39.520833333333336,2749.829343971631,86.52083333333333,0.7257690804353901,139.8010388165876
425,J. Ferguson,TE,DAL,10.0,133.0,71.0,2024,-62.0,129.0,70.0,63.0,126.04166666666667,1039.0195035460995,-39.520833333333336,2749.829343971631,86.52083333333333,0.7257690804353901,131.09180985136294
426,J. Ferguson,TE,DAL,10.0,133.0,0.0,2024,-133.0,129.0,70.0,63.0,126.04166666666667,1039.0195035460995,-39.520833333333336,2749.829343971631,86.52083333333333,0.7257690804353901,131.09180985136294
427,J. Ferguson,TE,DAL,10.0,133.0,0.0,2024,-133.0,129.0,70.0,63.0,126.04166666666667,1039.0195035460995,-39.520833333333336,2749.829343971631,86.52083333333333,0.7257690804353901,131.09180985136294
428,D. Njoku,TE,CLE,9.0,132.0,117.0,2024,-15.0,129.0,70.0,62.0,126.04166666666667,1039.0195035460995,-39.520833333333336,2749.829343971631,86.52083333333333,0.7257690804353901,130.36604077092755
429,D. Goedert,TE,PHI,9.0,129.0,81.0,2024,-48.0,129.0,70.0,59.0,126.04166666666667,1039.0195035460995,-39.520833333333336,2749.829343971631,86.52083333333333,0.7257690804353901,128.18873352962135
430,E. Engram,TE,JAX,8.0,129.0,65.0,2024,-64.0,129.0,70.0,59.0,126.04166666666667,1039.0195035460995,-39.520833333333336,2749.829343971631,86.52083333333333,0.7257690804353901,128.18873352962135
431,T. Hill,WR,MIA,12.0,258.0,178.0,2024,-80.0,182.0,99.0,159.0,171.67361111111111,2232.613005050504,-75.90277777777777,5944.577894327896,95.77083333333333,0.7269706635783421,234.43036332598868
432,T. Hill,WR,MIA,12.0,258.0,91.0,2024,-167.0,182.0,99.0,159.0,171.67361111111111,2232.613005050504,-75.90277777777777,5944.577894327896,95.77083333333333,0.7269706635783421,234.43036332598868
433,J. Chase,WR,CIN,10.0,256.0,340.0,2024,84.0,182.0,99.0,157.0,171.67361111111111,2232.613005050504,-75.90277777777777,5944.577894327896,95.77083333333333,0.7269706635783421,232.976421998832
434,J. Jefferson,WR,MIN,6.0,236.0,265.0,2024,29.0,182.0,99.0,137.0,171.67361111111111,2232.613005050504,-75.90277777777777,5944.577894327896,95.77083333333333,0.7269706635783421,218.43700872726515
435,J. Jefferson,WR,MIN,6.0,236.0,4.0,2024,-232.0,182.0,99.0,137.0,171.67361111111111,2232.613005050504,-75.90277777777777,5944.577894327896,95.77083333333333,0.7269706635783421,218.43700872726515
436,C. Lamb,WR,DAL,10.0,230.0,212.0,2024,-18.0,182.0,99.0,131.0,171.67361111111111,2232.613005050504,-75.90277777777777,5944.577894327896,95.77083333333333,0.7269706635783421,214.0751847457951
437,A. Brown,WR,PHI,9.0,223.0,183.0,2024,-40.0,182.0,99.0,124.0,171.67361111111111,2232.613005050504,-75.90277777777777,5944.577894327896,95.77083333333333,0.7269706635783421,208.98639010074672
438,A. Brown,WR,PHI,9.0,223.0,0.0,2024,-223.0,182.0,99.0,124.0,171.67361111111111,2232.613005050504,-75.90277777777777,5944.577894327896,95.77083333333333,0.7269706635783421,208.98639010074672
439,A. Brown,WR,PHI,9.0,223.0,0.0,2024,-223.0,182.0,99.0,124.0,171.67361111111111,2232.613005050504,-75.90277777777777,5944.577894327896,95.77083333333333,0.7269706635783421,208.98639010074672
440,A. Brown,WR,PHI,9.0,223.0,0.0,2024,-223.0,182.0,99.0,124.0,171.67361111111111,2232.613005050504,-75.90277777777777,5944.577894327896,95.77083333333333,0.7269706635783421,208.98639010074672
441,A. Brown,WR,PHI,9.0,223.0,0.0,2024,-223.0,182.0,99.0,124.0,171.67361111111111,2232.613005050504,-75.90277777777777,5944.577894327896,95.77083333333333,0.7269706635783421,208.98639010074672
442,A. St. Brown,WR,DET,8.0,213.0,258.0,2024,45.0,182.0,99.0,114.0,171.67361111111111,2232.613005050504,-75.90277777777777,5944.577894327896,95.77083333333333,0.7269706635783421,201.7166834649633
443,P. Nacua,WR,LAR,8.0,208.0,167.0,2024,-41.0,182.0,99.0,109.0,171.67361111111111,2232.613005050504,-75.90277777777777,5944.577894327896,95.77083333333333,0.7269706635783421,198.08183014707157
444,A. Cooper,WR,BUF,7.0,206.0,101.0,2024,-105.0,182.0,99.0,107.0,171.67361111111111,2232.613005050504,-75.90277777777777,5944.577894327896,95.77083333333333,0.7269706635783421,196.6278888199149
445,C. Godwin,WR,TB,9.0,203.0,112.0,2024,-91.0,182.0,99.0,104.0,171.67361111111111,2232.613005050504,-75.90277777777777,5944.577894327896,95.77083333333333,0.7269706635783421,194.44697682917987
446,N. Collins,WR,HOU,6.0,202.0,177.0,2024,-25.0,182.0,99.0,103.0,171.67361111111111,2232.613005050504,-75.90277777777777,5944.577894327896,95.77083333333333,0.7269706635783421,193.72000616560152
447,D. Adams,WR,NYJ,9.0,201.0,199.0,2024,-2.0,182.0,99.0,102.0,171.67361111111111,2232.613005050504,-75.90277777777777,5944.577894327896,95.77083333333333,0.7269706635783421,192.9930355020232
448,G. Wilson,WR,NYJ,9.0,200.0,199.0,2024,-1.0,182.0,99.0,101.0,171.67361111111111,2232.613005050504,-75.90277777777777,5944.577894327896,95.77083333333333,0.7269706635783421,192.26606483844483
449,M. Harrison,WR,ARI,8.0,197.0,165.0,2024,-32.0,182.0,99.0,98.0,171.67361111111111,2232.613005050504,-75.90277777777777,5944.577894327896,95.77083333333333,0.7269706635783421,190.08515284770982
450,M. Evans,WR,TB,9.0,195.0,203.0,2024,8.0,182.0,99.0,96.0,171.67361111111111,2232.613005050504,-75.90277777777777,5944.577894327896,95.77083333333333,0.7269706635783421,188.63121152055314
451,M. Evans,WR,TB,9.0,195.0,0.0,2024,-195.0,182.0,99.0,96.0,171.67361111111111,2232.613005050504,-75.90277777777777,5944.577894327896,95.77083333333333,0.7269706635783421,188.63121152055314
452,D. London,WR,ATL,5.0,195.0,231.0,2024,36.0,182.0,99.0,96.0,171.67361111111111,2232.613005050504,-75.90277777777777,5944.577894327896,95.77083333333333,0.7269706635783421,188.63121152055314
453,M. Nabers,WR,NYG,14.0,192.0,218.0,2024,26.0,182.0,99.0,93.0,171.67361111111111,2232.613005050504,-75.90277777777777,5944.577894327896,95.77083333333333,0.7269706635783421,186.4502995298181
454,D. Metcalf,WR,SEA,8.0,192.0,156.0,2024,-36.0,182.0,99.0,93.0,171.67361111111111,2232.613005050504,-75.90277777777777,5944.577894327896,95.77083333333333,0.7269706635783421,186.4502995298181
455,T. McLaurin,WR,WAS,12.0,192.0,226.0,2024,34.0,182.0,99.0,93.0,171.67361111111111,2232.613005050504,-75.90277777777777,5944.577894327896,95.77083333333333,0.7269706635783421,186.4502995298181
456,C. Kupp,WR,LAR,8.0,190.0,141.0,2024,-49.0,182.0,99.0,91.0,171.67361111111111,2232.613005050504,-75.90277777777777,5944.577894327896,95.77083333333333,0.7269706635783421,184.9963582026614
457,D. Moore,WR,CHI,5.0,187.0,188.0,2024,1.0,182.0,99.0,88.0,171.67361111111111,2232.613005050504,-75.90277777777777,5944.577894327896,95.77083333333333,0.7269706635783421,182.8154462119264
458,D. Moore,WR,CHI,5.0,187.0,69.0,2024,-118.0,182.0,99.0,88.0,171.67361111111111,2232.613005050504,-75.90277777777777,5944.577894327896,95.77083333333333,0.7269706635783421,182.8154462119264
459,T. Higgins,WR,CIN,10.0,187.0,185.0,2024,-2.0,182.0,99.0,88.0,171.67361111111111,2232.613005050504,-75.90277777777777,5944.577894327896,95.77083333333333,0.7269706635783421,182.8154462119264
460,S. Diggs,WR,HOU,6.0,186.0,98.0,2024,-88.0,182.0,99.0,87.0,171.67361111111111,2232.613005050504,-75.90277777777777,5944.577894327896,95.77083333333333,0.7269706635783421,182.08847554834804
461,J. Waddle,WR,MIA,12.0,186.0,121.0,2024,-65.0,182.0,99.0,87.0,171.67361111111111,2232.613005050504,-75.90277777777777,5944.577894327896,95.77083333333333,0.7269706635783421,182.08847554834804
462,B. Thomas,WR,JAX,8.0,183.0,241.0,2024,58.0,182.0,99.0,84.0,171.67361111111111,2232.613005050504,-75.90277777777777,5944.577894327896,95.77083333333333,0.7269706635783421,179.90756355761303
463,D. Smith,WR,PHI,9.0,181.0,165.0,2024,-16.0,182.0,99.0,82.0,171.67361111111111,2232.613005050504,-75.90277777777777,5944.577894327896,95.77083333333333,0.7269706635783421,178.45362223045635
464,D. Smith,WR,PHI,9.0,181.0,0.0,2024,-181.0,182.0,99.0,82.0,171.67361111111111,2232.613005050504,-75.90277777777777,5944.577894327896,95.77083333333333,0.7269706635783421,178.45362223045635
465,D. Smith,WR,PHI,9.0,181.0,0.0,2024,-181.0,182.0,99.0,82.0,171.67361111111111,2232.613005050504,-75.90277777777777,5944.577894327896,95.77083333333333,0.7269706635783421,178.45362223045635
466,B. Aiyuk,WR,SF,14.0,181.0,50.0,2024,-131.0,182.0,99.0,82.0,171.67361111111111,2232.613005050504,-75.90277777777777,5944.577894327896,95.77083333333333,0.7269706635783421,178.45362223045635
467,T. Hunter,"WR, DB - JAX(8)",,,0.0,0.0,2024,0.0,0.0,0.0,0.0,0.0,0.0,0.0,0.0,0.0,,
