,date,category,last_modified,week,season,season_type,sport,game_id,updated_at,player_id,team_x,company,opponent,adp_2qb,adp_dynasty,adp_dynasty_2qb,adp_dynasty_half_ppr,adp_dynasty_ppr,adp_dynasty_std,adp_half_ppr,adp_idp,adp_ppr,adp_rookie,adp_std,cmp_pct,fum_lost,gp,pass_2pt,pass_att,pass_cmp,pass_fd,pass_int,pass_td,pass_yd,pts_half_ppr,pts_ppr,pts_std,rush_att,rush_fd,rush_td,rush_yd,bonus_rec_rb,rec,rec_0_4,rec_10_19,rec_20_29,rec_30_39,rec_40p,rec_5_9,rec_fd,rec_td,rec_yd,rush_2pt,bonus_rec_wr,bonus_rec_te,def_kr_td,fgm_40_49,fgm_50p,fgm_yds,fgmiss_40_49,fgmiss_50p,xpm,xpmiss,blk_kick,def_fum_td,fum_rec,int,pass_int_td,pts_allow_0,sack,safe,yds_allow_0_100,pr_td,idp_sack,idp_safe,idp_tkl,idp_tkl_ast,idp_tkl_solo,fantasy_positions,first_name,injury_body_part,injury_notes,injury_start_date,injury_status,last_name,news_updated,position,team_y,team_abbr,team_changed_at,years_exp,metadata.channel_id,metadata.rookie_year,metadata,metadata.injury_override_regular_2020_5,metadata.source_id,metadata.years_exp_shift,metadata.injury_override_off_2021_0,metadata.override_active,metadata.injury_override_regular_2020_10,metadata.injury_override_regular_2022_1,metadata.injury_override_regular_2021_1,metadata.injury_override_regular_2020_1,metadata.injury_override_regular_2020_8,metadata.injury_override_regular_2021_3,metadata.injury_override_regular_2021_4,pos_med,pos_min,var,pred_variance,prev_mean_error,prev_var_error,prev_mean_actual,lambda,adjusted_pts
0,,proj,1724831463327,,2024,regular,nfl,season,2024-08-28 07:51:03.327,1696,,rotowire,,999.0,999.0,999.0,999.0,999.0,999.0,999.0,999.0,999.0,999.0,999.0,,,18.0,,,,,,,,,,,,,,,,,,,,,,,,,,,,,,,,,,,,,,,,,,,,,,,,,,,,['TE'],Brandon,,,,,Williams,1513966201091.0,CB,,,,6.0,1116852755613351936,,,,,,,,,,,,,,,,,,4598.100377258566,,,,,
1,,proj,1724831472988,,2024,regular,nfl,season,2024-08-28 07:51:12.988,SF,SF,rotowire,,161.6,999.0,226.0,157.6,219.0,161.6,155.6,156.6,156.6,999.0,163.6,,,1.0,,,,,,,,99.0,99.0,99.0,,,,,,,,,,,,,,,,,,,,,,,,,,,1.0,1.0,10.0,14.0,2.0,1.0,47.0,1.0,1.0,,,,,,,['DEF'],San Francisco,,,,,49ers,,DEF,SF,,,,,,,,,,,,,,,,,,,93.5,85.0,14.0,4598.100377258566,47.333333333333336,997.3623188405799,140.08333333333334,0.17824483389655815,132.7604414074164
2,,proj,1724831472997,,2024,regular,nfl,season,2024-08-28 07:51:12.997,NYJ,NYJ,rotowire,,165.7,999.0,235.0,164.7,229.0,168.7,166.7,168.7,164.7,999.0,165.7,,,1.0,,,,,,,,102.0,102.0,102.0,,,,,,,,,,,,,,,,,,,,,,,,,,,1.0,1.0,10.0,15.0,2.0,1.0,48.0,1.0,1.0,,,,,,,['DEF'],New York,,,,,Jets,,DEF,NYJ,,,,,,,,,,,,,,,,,,,93.5,85.0,17.0,4598.100377258566,47.333333333333336,997.3623188405799,140.08333333333334,0.17824483389655815,133.2951759091061
3,,proj,1724831473049,,2024,regular,nfl,season,2024-08-28 07:51:13.049,BAL,BAL,rotowire,,205.9,999.0,222.0,205.9,225.0,203.9,203.9,198.9,202.9,999.0,197.9,,,1.0,,,,,,,,99.0,99.0,99.0,,,,,,,,,,,,,,,,,,,,,,,,,,,1.0,1.0,10.0,14.0,2.0,1.0,47.0,1.0,1.0,,,,,,,['DEF'],Baltimore,,,,,Ravens,,DEF,BAL,,,,,,,,,,,,,,,,,,,93.5,85.0,14.0,4598.100377258566,47.333333333333336,997.3623188405799,140.08333333333334,0.17824483389655815,132.7604414074164
4,,proj,1724831473034,,2024,regular,nfl,season,2024-08-28 07:51:13.034,DAL,DAL,rotowire,,205.1,999.0,218.0,198.1,220.0,204.1,205.1,196.1,198.1,999.0,201.1,,,1.0,,,,,,,,101.0,101.0,101.0,,,,,,,,,,,,,,,,,,,,,,,,,,,1.0,1.0,10.0,15.0,2.0,1.0,47.0,1.0,1.0,,,,,,,['DEF'],Dallas,,,,,Cowboys,,DEF,DAL,,,,,,,,,,,,,,,,,,,93.5,85.0,16.0,4598.100377258566,47.333333333333336,997.3623188405799,140.08333333333334,0.17824483389655815,133.11693107520952
5,,proj,1724831473018,,2024,regular,nfl,season,2024-08-28 07:51:13.018,KC,KC,rotowire,,211.8,999.0,247.0,209.8,248.0,211.8,205.8,213.8,212.8,999.0,212.8,,,1.0,,,,,,,,97.0,97.0,97.0,,,,,,,,,,,,,,,,,,,,,,,,,,,1.0,1.0,10.0,14.0,2.0,1.0,45.0,1.0,1.0,,,,,,,['DEF'],Kansas City,,,,,Chiefs,,DEF,KC,,,,,,,,,,,,,,,,,,,93.5,85.0,12.0,4598.100377258566,47.333333333333336,997.3623188405799,140.08333333333334,0.17824483389655815,132.4039517396233
6,,proj,1724831472993,,2024,regular,nfl,season,2024-08-28 07:51:12.993,PIT,PIT,rotowire,,208.9,999.0,246.0,204.9,246.0,209.9,207.9,208.9,207.9,999.0,203.9,,,1.0,,,,,,,,93.0,93.0,93.0,,,,,,,,,,,,,,,,,,,,,,,,,,,1.0,1.0,9.0,13.0,2.0,1.0,45.0,1.0,1.0,,,,,,,['DEF'],Pittsburgh,,,,,Steelers,,DEF,PIT,,,,,,,,,,,,,,,,,,,93.5,85.0,8.0,4598.100377258566,47.333333333333336,997.3623188405799,140.08333333333334,0.17824483389655815,131.69097240403707
7,,proj,1724831473037,,2024,regular,nfl,season,2024-08-28 07:51:13.037,CLE,CLE,rotowire,,209.1,999.0,249.0,208.1,256.0,209.1,208.1,209.1,207.1,999.0,208.1,,,1.0,,,,,,,,94.0,94.0,94.0,,,,,,,,,,,,,,,,,,,,,,,,,,,1.0,1.0,10.0,13.0,2.0,1.0,44.0,1.0,1.0,,,,,,,['DEF'],Cleveland,,,,,Browns,,DEF,CLE,,,,,,,,,,,,,,,,,,,93.5,85.0,9.0,4598.100377258566,47.333333333333336,997.3623188405799,140.08333333333334,0.17824483389655815,131.8692172379336
8,,proj,1724831473009,,2024,regular,nfl,season,2024-08-28 07:51:13.009,MIA,MIA,rotowire,,214.9,999.0,319.0,213.9,312.0,209.9,208.9,213.9,208.9,999.0,215.9,,,1.0,,,,,,,,93.0,93.0,93.0,,,,,,,,,,,,,,,,,,,,,,,,,,,1.0,1.0,10.0,13.0,1.0,1.0,43.0,1.0,1.0,,,,,,,['DEF'],Miami,,,,,Dolphins,,DEF,MIA,,,,,,,,,,,,,,,,,,,93.5,85.0,8.0,4598.100377258566,47.333333333333336,997.3623188405799,140.08333333333334,0.17824483389655815,131.69097240403707
9,,proj,1724831472995,,2024,regular,nfl,season,2024-08-28 07:51:12.995,PHI,PHI,rotowire,,211.2,999.0,243.0,208.2,243.0,209.2,209.2,211.2,211.2,999.0,211.2,,,1.0,,,,,,,,91.0,91.0,91.0,,,,,,,,,,,,,,,,,,,,,,,,,,,1.0,1.0,9.0,13.0,1.0,1.0,43.0,1.0,1.0,,,,,,,['DEF'],Philadelphia,,,,,Eagles,,DEF,PHI,,,,,,,,,,,,,,,,,,,93.5,85.0,6.0,4598.100377258566,47.333333333333336,997.3623188405799,140.08333333333334,0.17824483389655815,131.33448273624396
10,,proj,1724831472985,,2024,regular,nfl,season,2024-08-28 07:51:12.985,TB,TB,rotowire,,205.2,999.0,278.0,210.2,281.0,214.2,214.2,212.2,207.2,999.0,211.2,,,1.0,,,,,,,,88.0,88.0,88.0,,,,,,,,,,,,,,,,,,,,,,,,,,,1.0,1.0,9.0,13.0,1.0,1.0,40.0,1.0,1.0,,,,,,,['DEF'],Tampa Bay,,,,,Buccaneers,,DEF,TB,,,,,,,,,,,,,,,,,,,93.5,85.0,3.0,4598.100377258566,47.333333333333336,997.3623188405799,140.08333333333334,0.17824483389655815,130.79974823455427
11,,proj,1724831472980,,2024,regular,nfl,season,2024-08-28 07:51:12.980,WAS,WAS,rotowire,,213.7,999.0,327.0,207.7,320.0,213.7,214.7,214.7,210.7,999.0,212.7,,,1.0,,,,,,,,85.0,85.0,85.0,,,,,,,,,,,,,,,,,,,,,,,,,,,1.0,1.0,9.0,12.0,1.0,1.0,39.0,1.0,1.0,,,,,,,['DEF'],Washington,,,,,Commanders,,DEF,WAS,,,,,,,,,,,,,,,,,,,93.5,85.0,0.0,4598.100377258566,47.333333333333336,997.3623188405799,140.08333333333334,0.17824483389655815,130.2650137328646
12,,proj,1724831472990,,2024,regular,nfl,season,2024-08-28 07:51:12.990,SEA,SEA,rotowire,,209.9,999.0,354.0,215.9,354.0,213.9,216.9,217.9,215.9,999.0,214.9,,,1.0,,,,,,,,91.0,91.0,91.0,,,,,,,,,,,,,,,,,,,,,,,,,,,1.0,1.0,9.0,13.0,1.0,1.0,43.0,1.0,1.0,,,,,,,['DEF'],Seattle,,,,,Seahawks,,DEF,SEA,,,,,,,,,,,,,,,,,,,93.5,85.0,6.0,4598.100377258566,47.333333333333336,997.3623188405799,140.08333333333334,0.17824483389655815,131.33448273624396
13,,proj,1724831463069,,2024,regular,nfl,season,2024-08-28 07:51:03.069,1308,,rotowire,,999.0,999.0,999.0,504.0,999.0,504.0,289.0,999.0,999.0,999.0,289.0,,,18.0,,,,,,,,,,,,,,,,,,,,,,,,,,,,,,,,,,,,,,,,,,,,,,,,,,,,['RB'],Jamize,,,,,Olawale,1615436704534.0,FB,,,,10.0,1116852730262978560,,,,,,,,,,,,,,,,,,4598.100377258566,2.7399999999999998,145.693,13.2375,0.03071234103459115,
14,,proj,1724831466728,,2024,regular,nfl,season,2024-08-28 07:51:06.728,5355,,rotowire,,999.0,999.0,446.0,446.0,455.3,446.0,299.0,999.0,356.0,999.0,299.0,,,18.0,,,,,,,,,,,,,,,,,,,,,,,,,,,,,,,,,,,,,,,,,,,,,,,,,,,,['RB'],Nick,,,,,Sharga,,FB,,,,4.0,1116853090167816192,,,,,,,,,,,,,,,,,,4598.100377258566,2.7399999999999998,145.693,13.2375,0.03071234103459115,
15,,proj,1724831469606,,2024,regular,nfl,season,2024-08-28 07:51:09.606,7216,,rotowire,,546.9,999.0,565.0,999.0,462.0,999.0,329.0,999.0,596.5,999.0,329.0,,,18.0,,,,,,,,,,,,,,,,,,,,,,,,,,,,,,,,,,,,,,,,,,,,,,,,,,,,['TE'],Giovanni,Knee,,,Questionable,Ricci,1724369155822.0,FB,,,,4.0,1113708839510765568,2020,,,,,,,,,,,,,,,,,4598.100377258566,2.7399999999999998,145.693,13.2375,0.03071234103459115,
16,,proj,1724831463067,,2024,regular,nfl,season,2024-08-28 07:51:03.067,1305,,rotowire,,999.0,999.0,588.0,627.0,627.0,627.0,373.0,999.0,353.0,999.0,373.0,,,18.0,,,,,,,,,,,,,,,,,,,,,,,,,,,,,,,,,,,,,,,,,,,,,,,,,,,,['RB'],Patrick,,,,,DiMarco,1599606612978.0,FB,,,,11.0,1116852730049069056,,,,,,,,,,,,,,,,,,4598.100377258566,2.7399999999999998,145.693,13.2375,0.03071234103459115,
17,,proj,1724831470593,,2024,regular,nfl,season,2024-08-28 07:51:10.593,7808,,rotowire,,999.0,999.0,694.7,999.0,999.0,999.0,388.0,999.0,655.7,999.0,388.0,,,18.0,,,,,,,,,,,,,,,,,,,,,,,,,,,,,,,,,,,,,,,,,,,,,,,,,,,,['TE'],Ben,Undisclosed,,,Questionable,Mason,1723592106159.0,FB,,,,3.0,1113708693091807232,2021,,,,,,,,,,,,,,,,,4598.100377258566,2.7399999999999998,145.693,13.2375,0.03071234103459115,
18,,proj,1724831464791,,2024,regular,nfl,season,2024-08-28 07:51:04.791,3832,MIN,rotowire,,401.5,999.0,610.0,632.0,700.4,632.0,391.8,666.5,661.3,999.0,391.8,,,18.0,,,,,,,,,,,,,,,,,,,,,,,,,,,,,,,,,,,,,,,,,,,,,,,,,,,,['RB'],C.J.,,,,,Ham,1703505603801.0,FB,MIN,,,8.0,1113708710942765056,2016,,,,,,,,,,,,,,,,,4598.100377258566,2.7399999999999998,145.693,13.2375,0.03071234103459115,
19,,proj,1724831468295,,2024,regular,nfl,season,2024-08-28 07:51:08.295,6379,CHI,rotowire,,999.0,999.0,622.0,626.0,622.8,626.0,445.8,999.0,698.7,999.0,445.8,,,18.0,,,,,,,,,,,,,,,,,,,,,,,,,,,,,,,,,,,,,,,,,,,,,,,,,,,,['RB'],Khari,,,,,Blasingame,1724809259967.0,FB,,,,5.0,1113708765640683520,2019,,,,,,,,,,,,,,,,,4598.100377258566,2.7399999999999998,145.693,13.2375,0.03071234103459115,
20,,proj,1724831470668,,2024,regular,nfl,season,2024-08-28 07:51:10.668,7852,,rotowire,,497.1,999.0,999.0,999.0,999.0,999.0,449.5,999.0,999.0,999.0,449.5,,,18.0,,,,,,,,,,,,,,,,,,,,,,,,,,,,,,,,,,,,,,,,,,,,,,,,,,,,['RB'],Tory,,,,,Carter,1670365206702.0,FB,,,,1.0,1116853423371714560,,,,,,,,,,,,,,,,,,4598.100377258566,2.7399999999999998,145.693,13.2375,0.03071234103459115,
21,,proj,1724831469767,,2024,regular,nfl,season,2024-08-28 07:51:09.767,7315,,rotowire,,999.0,999.0,999.0,999.0,999.0,999.0,464.0,999.0,678.2,999.0,464.0,,,18.0,,,,,,,,,,,,,,,,,,,,,,,,,,,,,,,,,,,,,,,,,,,,,,,,,,,,['RB'],Bobby,,,,,Holly,1599279055321.0,FB,,,,2.0,1116853367402921984,,,,,,,,,,,,,,,,,,4598.100377258566,2.7399999999999998,145.693,13.2375,0.03071234103459115,
22,,proj,1724831460681,,2024,regular,nfl,season,2024-08-28 07:51:00.681,11088,,rotowire,,514.7,999.0,524.7,621.0,610.0,621.0,475.5,999.0,393.4,999.0,475.5,,,18.0,,,,,,,,,,,,,,,,,,,,,,,,,,,,,,,,,,,,,,,,,,,,,,,,,,,,['RB'],Monte,Undisclosed,,,NA,Pottebaum,1690752944697.0,FB,,,,1.0,1116852650265018368,,,,,,,,,,,,,,,,,,4598.100377258566,2.7399999999999998,145.693,13.2375,0.03071234103459115,
23,,proj,1724831463913,,2024,regular,nfl,season,2024-08-28 07:51:03.913,2471,DEN,rotowire,,681.3,999.0,999.0,458.0,665.5,458.0,477.0,999.0,652.2,999.0,477.0,,,18.0,,,,,,,,,,,,,,,,,,,,,,,,,,,,,,,,,,,,,,,,,,,,,,,,,,,,['RB'],Michael,,,,,Burton,1724800557244.0,FB,,,,9.0,1113708826273542145,2015,,,,,,,,,,,,,,,,,4598.100377258566,2.7399999999999998,145.693,13.2375,0.03071234103459115,
24,,proj,1724831469600,,2024,regular,nfl,season,2024-08-28 07:51:09.600,7212,,rotowire,,375.0,999.0,527.0,999.0,667.8,999.0,482.8,999.0,521.9,999.0,482.8,,,18.0,,,,,,,,,,,,,,,,,,,,,,,,,,,,,,,,,,,,,,,,,,,,,,,,,,,,['RB'],Spencer,,,,,Nigh,1597360535903.0,FB,,,,2.0,1116853350269190144,,,,,,,,,,,,,,,,,,4598.100377258566,2.7399999999999998,145.693,13.2375,0.03071234103459115,
25,,proj,1724831463042,,2024,regular,nfl,season,2024-08-28 07:51:03.042,1264,BAL,rotowire,,247.5,999.0,351.8,234.0,215.8,234.0,132.6,266.7,132.6,999.0,132.6,,,18.0,,,,,,,,108.0,108.0,108.0,,,,,,,,,,,,,,,,,,,,9.0,5.0,691.0,2.0,2.0,48.0,1.0,,,,,,,,,,,,,,,,['K'],Justin,,,,,Tucker,1705440330585.0,K,BAL,,,12.0,1113708866371088384,2012,,,,,,,,,,,,,,94.0,83.0,25.0,4598.100377258566,29.375,713.2010869565217,126.66666666666667,0.13427991082067484,124.1601083313474
26,,proj,1724831465176,,2024,regular,nfl,season,2024-08-28 07:51:05.176,4227,KC,rotowire,,249.4,999.0,354.8,237.1,218.0,237.1,134.6,267.4,134.6,999.0,134.6,,,18.0,,,,,,,,102.0,102.0,102.0,,,,,,,,,,,,,,,,,,,,7.0,5.0,593.0,1.0,2.0,51.0,2.0,,,,,,,,,,,,,,,,['K'],Harrison,,,,,Butker,1722888906422.0,K,KC,,,7.0,1113708748775387136,2017,,,,,,,,,,,,,,94.0,83.0,19.0,4598.100377258566,29.375,713.2010869565217,126.66666666666667,0.13427991082067484,123.35442886642335
27,,proj,1724831461441,,2024,regular,nfl,season,2024-08-28 07:51:01.441,11533,DAL,rotowire,,247.8,999.0,358.7,239.1,221.6,239.1,138.8,268.1,138.8,999.0,138.8,,,18.0,,,,,,,,99.0,99.0,99.0,,,,,,,,,,,,,,,,,,,,7.0,5.0,593.0,1.0,2.0,48.0,2.0,,,,,,,,,,,,,,,,['K'],Brandon,,,,,Aubrey,1724082346135.0,K,DAL,,,1.0,1113708850915078145,2023,,,,,,,,,,,,,,94.0,83.0,16.0,4598.100377258566,29.375,713.2010869565217,126.66666666666667,0.13427991082067484,122.95158913396133
28,,proj,1724831470642,,2024,regular,nfl,season,2024-08-28 07:51:10.642,7839,CIN,rotowire,,250.9,999.0,356.7,239.5,220.5,239.5,139.1,269.8,139.1,999.0,139.1,,,18.0,,,,,,,,107.0,107.0,107.0,,,,,,,,,,,,,,,,,,,,9.0,5.0,691.0,2.0,2.0,48.0,2.0,,,,,,,,,,,,,,,,['K'],Evan,,,,,McPherson,1723831807358.0,K,CIN,,,3.0,1113708807579529216,2021,,,,,,,,,,,,,,94.0,83.0,24.0,4598.100377258566,29.375,713.2010869565217,126.66666666666667,0.13427991082067484,124.02582842052674
29,,proj,1724831465756,,2024,regular,nfl,season,2024-08-28 07:51:05.756,4666,ATL,rotowire,,252.9,999.0,359.2,278.3,225.0,278.3,142.8,271.2,142.8,999.0,142.8,,,18.0,,,,,,,,96.0,96.0,96.0,,,,,,,,,,,,,,,,,,,,7.0,6.0,643.0,2.0,2.0,39.0,1.0,,,,,,,,,,,,,,,,['K'],Younghoe,,,,,Koo,1723980331170.0,K,ATL,,,7.0,1113708862659129344,2017,,,,,,,,,,,,,,94.0,83.0,13.0,4598.100377258566,29.375,713.2010869565217,126.66666666666667,0.13427991082067484,122.54874940149931
30,,proj,1724831465129,,2024,regular,nfl,season,2024-08-28 07:51:05.129,4195,PHI,rotowire,,253.9,999.0,365.2,279.8,228.8,279.8,159.7,271.6,159.7,999.0,159.7,,,18.0,,,,,,,,91.0,91.0,91.0,,,,,,,,,,,,,,,,,,,,8.0,4.0,592.0,1.0,2.0,41.0,2.0,,,,,,,,,,,,,,,,['K'],Jake,,,,,Elliott,1710361857137.0,K,PHI,,,7.0,1113708713677451264,2017,,,,,,,,,,,,,,94.0,83.0,8.0,4598.100377258566,29.375,713.2010869565217,126.66666666666667,0.13427991082067484,121.87734984739593
31,,proj,1724831460412,,2024,regular,nfl,season,2024-08-28 07:51:00.412,10937,SF,rotowire,,251.4,999.0,367.6,281.6,231.8,281.6,160.5,270.3,160.5,999.0,160.5,,,18.0,,,,,,,,93.0,93.0,93.0,,,,,,,,,,,,,,,,,,,,7.0,4.0,543.0,2.0,2.0,48.0,3.0,,,,,,,,,,,,,,,,['K'],Jake,,,,,Moody,1706735759593.0,K,SF,,,1.0,1113708879969021952,2023,,,,,,,,,,,,,,94.0,83.0,10.0,4598.100377258566,29.375,713.2010869565217,126.66666666666667,0.13427991082067484,122.14590966903728
32,,proj,1724831464522,,2024,regular,nfl,season,2024-08-28 07:51:04.522,3451,HOU,rotowire,,254.3,999.0,402.0,284.7,234.9,284.7,163.9,275.1,163.9,999.0,163.9,,,18.0,,,,,,,,94.0,94.0,94.0,,,,,,,,,,,,,,,,,,,,7.0,4.0,543.0,2.0,2.0,48.0,2.0,,,,,,,,,,,,,,,,['K'],Ka'imi,,,,,Fairbairn,1723297560753.0,K,HOU,,,8.0,1113708783479058432,2016,,,,,,,,,,,,,,94.0,83.0,11.0,4598.100377258566,29.375,713.2010869565217,126.66666666666667,0.13427991082067484,122.28018957985796
33,,proj,1724831471398,,2024,regular,nfl,season,2024-08-28 07:51:11.398,8259,LAC,rotowire,,255.5,999.0,367.9,286.4,231.7,286.4,164.1,274.5,164.1,999.0,164.1,,,18.0,,,,,,,,94.0,94.0,94.0,,,,,,,,,,,,,,,,,,,,9.0,4.0,641.0,1.0,2.0,40.0,2.0,,,,,,,,,,,,,,,,['K'],Cameron,,,,,Dicker,1712092558542.0,K,LAC,,,2.0,1113708692949200896,2022,,,,,,,,,,,,,,94.0,83.0,11.0,4598.100377258566,29.375,713.2010869565217,126.66666666666667,0.13427991082067484,122.28018957985796
34,,proj,1724831469324,,2024,regular,nfl,season,2024-08-28 07:51:09.324,7042,BUF,rotowire,,290.7,999.0,370.2,283.3,233.8,283.3,165.4,351.8,165.4,999.0,165.4,,,18.0,,,,,,,,90.0,90.0,90.0,,,,,,,,,,,,,,,,,,,,7.0,4.0,543.0,2.0,2.0,44.0,2.0,,,,,,,,,,,,,,,,['K'],Tyler,,,,,Bass,1708214442222.0,K,BUF,,,4.0,1113708758527143936,2020,,,,,,,,,,,,,,94.0,83.0,7.0,4598.100377258566,29.375,713.2010869565217,126.66666666666667,0.13427991082067484,121.74306993657525
35,,proj,1724831466387,,2024,regular,nfl,season,2024-08-28 07:51:06.387,5119,MIA,rotowire,,289.2,999.0,372.9,291.1,235.9,291.1,188.7,353.1,188.7,999.0,188.7,,,18.0,,,,,,,,91.0,91.0,91.0,,,,,,,,,,,,,,,,,,,,8.0,3.0,542.0,2.0,2.0,46.0,2.0,,,,,,,,,,,,,,,,['K'],Jason,,,,,Sanders,1705345258075.0,K,MIA,,,6.0,1113708737396240384,2018,,,,,,,,,,,,,,94.0,83.0,8.0,4598.100377258566,29.375,713.2010869565217,126.66666666666667,0.13427991082067484,121.87734984739593
36,,proj,1724831464033,,2024,regular,nfl,season,2024-08-28 07:51:04.033,2747,SEA,rotowire,,564.0,999.0,650.3,378.2,323.7,378.2,215.5,474.3,215.5,999.0,215.5,,,18.0,,,,,,,,83.0,83.0,83.0,,,,,,,,,,,,,,,,,,,,8.0,3.0,542.0,2.0,2.0,38.0,2.0,,,,,,,,,,,,,,,,['K'],Jason,,,,,Myers,1723968329262.0,K,SEA,,,9.0,1113708723169161216,2015,,,,,,,,,,,,,,94.0,83.0,0.0,4598.100377258566,29.375,713.2010869565217,126.66666666666667,0.13427991082067484,120.80311056083053
37,,proj,1724831469735,,2024,regular,nfl,season,2024-08-28 07:51:09.735,7296,,rotowire,,999.0,999.0,999.0,999.0,999.0,999.0,999.0,999.0,999.0,999.0,999.0,,,18.0,,,,,,,,,,,,,,,,,,,,,,,,,,,,,,,,,,,,,,,,,,,,,,,,,,,,"['K', 'P']",Brandon,,,,,Wright,1608084051876.0,P,,,,3.0,1116853363930038272,,,,,,,,,,,,,,,,,,4598.100377258566,,,,,
38,,proj,1724831464115,,2024,regular,nfl,season,2024-08-28 07:51:04.115,3008,,rotowire,,999.0,999.0,999.0,999.0,999.0,999.0,999.0,999.0,999.0,999.0,999.0,,,18.0,,,,,,,,,,,,,,,,,,,,,,,,,,,,,,,,,,,,,,,,,,,,,,,,,,,,"['K', 'P']",Matt,,,,,Wile,1573398945564.0,P,,,,7.0,1116852828967534592,,,,,,,,,,,,,,,,,,4598.100377258566,,,,,
39,,proj,1724831464053,,2024,regular,nfl,season,2024-08-28 07:51:04.053,2818,,rotowire,,999.0,999.0,999.0,999.0,999.0,999.0,999.0,999.0,999.0,999.0,999.0,,,18.0,,,,,,,,,,,,,,,,,,,,,,,,,,,,,,,,,,,,,,,,,,,,,,,,,,,,"['K', 'P']",Michael,,,,,Palardy,1692556807144.0,P,,,,9.0,1116852822495723520,,,,,,,,,,,,,,,,,,4598.100377258566,,,,,
40,,proj,1724831464000,,2024,regular,nfl,season,2024-08-28 07:51:04.000,2650,,rotowire,,999.0,999.0,999.0,999.0,999.0,999.0,999.0,999.0,999.0,999.0,999.0,,,18.0,,,,,,,,,,,,,,,,,,,,,,,,,,,,,,,,,,,,,,,,,,,,,,,,,,,,"['K', 'P']",Ty,,,,,Long,1570049419410.0,P,,,,7.0,1116852817726799872,,,,,,,,,,,,,,,,,,4598.100377258566,,,,,
41,,proj,1724831466173,,2024,regular,nfl,season,2024-08-28 07:51:06.173,4984,BUF,rotowire,,1.5,999.0,2.6,21.7,21.0,21.7,20.2,1.7,22.2,999.0,20.2,64.64,4.0,18.0,1.0,560.0,362.0,403.5,14.0,27.0,4035.0,358.4,358.4,358.4,111.0,55.0,9.0,550.0,,,,,,,,,,,,,,,,,,,,,,,,,,,,,,,,,,,,,,['QB'],Josh,,,,,Allen,1724136922652.0,QB,BUF,,,6.0,1113708755175895040,2018,,,,,,,,,,,,,,316.49,283.68,74.71999999999997,4598.100377258566,-42.89090909090908,5503.577170562772,276.8104347826087,0.5448181398098325,321.2619099322408
42,,proj,1724831469107,,2024,regular,nfl,season,2024-08-28 07:51:09.107,6904,PHI,rotowire,,4.4,999.0,4.2,29.5,28.1,29.5,31.3,7.3,34.7,999.0,31.3,65.52,3.0,18.0,1.0,493.0,323.0,361.4,11.0,23.0,3614.0,352.46,352.46,352.46,151.0,64.9,11.0,649.0,,,,,,,,,,,,,,,,,,,,,,,,,,,,,,,,,,,,,,['QB'],Jalen,,,,,Hurts,1724860563209.0,QB,PHI,,,4.0,1113708715887849472,2020,,,,,,,,,,,,,,316.49,283.68,68.77999999999997,4598.100377258566,-42.89090909090908,5503.577170562772,276.8104347826087,0.5448181398098325,318.0256901817704
43,,proj,1724831464910,,2024,regular,nfl,season,2024-08-28 07:51:04.910,4046,KC,rotowire,,3.3,999.0,1.4,18.7,18.5,18.7,32.8,2.5,30.7,999.0,32.8,67.58,4.0,18.0,1.0,583.0,394.0,440.1,12.0,33.0,4401.0,337.04,337.04,337.04,67.0,35.0,2.0,350.0,,,,,,,,,,,,,,,,,,,,,,,,,,,,,,,,,,,,,,['QB'],Patrick,,,,,Mahomes,1724086846847.0,QB,KC,,,7.0,1113708747563233280,2017,,,,,,,,,,,,,,316.49,283.68,53.360000000000014,4598.100377258566,-42.89090909090908,5503.577170562772,276.8104347826087,0.5448181398098325,309.6245944659028
44,,proj,1724831466030,,2024,regular,nfl,season,2024-08-28 07:51:06.030,4881,BAL,rotowire,,7.8,999.0,6.1,34.1,33.1,34.1,36.3,11.6,34.4,999.0,36.3,65.73,3.0,18.0,1.0,464.0,305.0,351.6,10.0,25.0,3516.0,336.74,336.74,336.74,144.0,80.1,5.0,801.0,,,,,,,,,,,,,,,,,,,,,,,,,,,,,,,,,,,,,,['QB'],Lamar,,,,,Jackson,1724348751875.0,QB,BAL,,,6.0,1113708872868065281,2018,,,,,,,,,,,,,,316.49,283.68,53.06,4598.100377258566,-42.89090909090908,5503.577170562772,276.8104347826087,0.5448181398098325,309.4611490239599
45,,proj,1724831472658,,2024,regular,nfl,season,2024-08-28 07:51:12.658,9758,HOU,rotowire,,8.0,999.0,3.1,23.8,22.5,23.8,46.2,6.8,41.4,999.0,46.2,64.59,3.0,18.0,1.0,579.0,374.0,436.7,12.0,33.0,4367.0,322.18,322.18,322.18,46.0,19.5,2.0,195.0,,,,,,,,,,,,,,,,,,,,,,,,,,,,,,,,,,,,,,['QB'],C.J.,,,,,Stroud,1724517620539.0,QB,HOU,,,1.0,1113708785806897152,2023,,,,,,,,,,,,,,316.49,283.68,38.5,4598.100377258566,-42.89090909090908,5503.577170562772,276.8104347826087,0.5448181398098325,301.5285969083287
46,,proj,1724831472556,,2024,regular,nfl,season,2024-08-28 07:51:12.556,9229,IND,rotowire,,14.6,999.0,13.0,52.3,52.7,52.3,53.7,22.1,56.0,999.0,53.7,61.72,3.0,18.0,1.0,478.0,295.0,334.9,12.0,19.0,3349.0,325.96,325.96,325.96,165.0,78.0,9.0,780.0,,,,,,,,,,,,,,,,,,,,,,,,,,,,,,,,,,,,,,['QB'],Anthony,,,,,Richardson,1724425207400.0,QB,IND,,,1.0,1113708777544118273,2023,,,,,,,,,,,,,,316.49,283.68,42.27999999999997,4598.100377258566,-42.89090909090908,5503.577170562772,276.8104347826087,0.5448181398098325,303.5880094768099
47,,proj,1724831468874,,2024,regular,nfl,season,2024-08-28 07:51:08.874,6770,CIN,rotowire,,15.6,999.0,9.4,54.3,54.2,54.3,62.3,18.0,61.2,999.0,62.3,67.51,4.0,18.0,1.0,594.0,401.0,422.7,12.0,31.0,4227.0,305.48,305.48,305.48,53.0,18.4,2.0,184.0,,,,,,,,,,,,,,,,,,,,,,,,,,,,,,,,,,,,,,['QB'],Joe,,,,,Burrow,1724368255584.0,QB,CIN,,,4.0,1113708804110839808,2020,,,,,,,,,,,,,,316.49,283.68,21.80000000000001,4598.100377258566,-42.89090909090908,5503.577170562772,276.8104347826087,0.5448181398098325,292.4301339735045
48,,proj,1724831467477,,2024,regular,nfl,season,2024-08-28 07:51:07.477,5849,ARI,rotowire,,21.4,999.0,23.7,87.2,90.7,87.2,69.9,39.2,78.1,999.0,69.9,64.55,3.0,18.0,1.0,536.0,346.0,379.0,12.0,22.0,3790.0,310.8,310.8,310.8,101.0,57.2,5.0,572.0,,,,,,,,,,,,,,,,,,,,,,,,,,,,,,,,,,,,,,['QB'],Kyler,,,,,Murray,1724162122722.0,QB,ARI,,,5.0,1113708849644204032,2019,,,,,,,,,,,,,,316.49,283.68,27.120000000000005,4598.100377258566,-42.89090909090908,5503.577170562772,276.8104347826087,0.5448181398098325,295.32856647729284
49,,proj,1724831464336,,2024,regular,nfl,season,2024-08-28 07:51:04.336,3294,DAL,rotowire,,19.1,999.0,35.0,106.6,103.8,106.6,76.6,45.4,71.2,999.0,76.6,67.51,3.0,18.0,1.0,551.0,372.0,402.8,11.0,30.0,4028.0,300.32,300.32,300.32,53.0,22.2,2.0,222.0,,,,,,,,,,,,,,,,,,,,,,,,,,,,,,,,,,,,,,['QB'],Dak,,,,,Prescott,1724528422451.0,QB,DAL,,,8.0,1113708854606065664,2016,,,,,,,,,,,,,,316.49,283.68,16.639999999999986,4598.100377258566,-42.89090909090908,5503.577170562772,276.8104347826087,0.5448181398098325,289.6188723720858
50,,proj,1724831468933,,2024,regular,nfl,season,2024-08-28 07:51:08.933,6804,GB,rotowire,,25.6,999.0,17.3,70.2,65.3,70.2,82.5,27.4,80.4,999.0,82.5,64.64,3.0,18.0,1.0,543.0,351.0,392.7,12.0,28.0,3927.0,292.68,292.68,292.68,45.0,21.6,3.0,216.0,,,,,,,,,,,,,,,,,,,,,,,,,,,,,,,,,,,,,,['QB'],Jordan,,,,,Love,1724518820947.0,QB,GB,,,4.0,1113708802567335936,2020,,,,,,,,,,,,,,316.49,283.68,9.0,4598.100377258566,-42.89090909090908,5503.577170562772,276.8104347826087,0.5448181398098325,285.45646178393866
51,,proj,1724831471271,,2024,regular,nfl,season,2024-08-28 07:51:11.271,8183,SF,rotowire,,29.8,999.0,31.0,103.1,97.1,103.1,97.5,49.0,90.2,999.0,97.5,67.4,3.0,18.0,1.0,497.0,335.0,401.1,11.0,30.0,4011.0,293.74,293.74,293.74,39.0,16.3,2.0,163.0,,,,,,,,,,,,,,,,,,,,,,,,,,,,,,,,,,,,,,['QB'],Brock,,,,,Purdy,1724512520500.0,QB,SF,,,2.0,1113708879658643456,2022,,,,,,,,,,,,,,316.49,283.68,10.060000000000002,4598.100377258566,-42.89090909090908,5503.577170562772,276.8104347826087,0.5448181398098325,286.03396901213705
52,,proj,1724831461485,,2024,regular,nfl,season,2024-08-28 07:51:01.485,11560,CHI,rotowire,,38.6,999.0,11.7,50.6,51.3,50.6,99.4,28.7,101.4,999.0,99.4,63.67,3.0,18.0,1.0,545.0,347.0,386.2,14.0,25.0,3862.0,283.68,283.68,283.68,68.0,29.2,3.0,292.0,,,,,,,,,,,,,,,,,,,,,,,,,,,,,,,,,,,,,,['QB'],Caleb,,,,,Williams,1724251234021.0,QB,CHI,,,0.0,1113708762750808064,2024,,,,,,,,,,,,,,316.49,283.68,0.0,4598.100377258566,-42.89090909090908,5503.577170562772,276.8104347826087,0.5448181398098325,280.55309852565017
53,,proj,1724831464895,,2024,regular,nfl,season,2024-08-28 07:51:04.895,4034,SF,rotowire,,2.8,999.0,15.4,6.5,4.8,6.5,1.5,4.8,1.2,999.0,1.5,,2.0,18.0,,,,,,,,298.6,332.6,264.6,256.0,122.9,11.0,1229.0,68.0,68.0,13.6,20.4,13.6,6.8,6.8,13.6,53.7,4.0,537.0,1.0,,,,,,,,,,,,,,,,,,,,,,,,,,['RB'],Christian,Calf,,,Questionable,McCaffrey,1724704543653.0,RB,SF,,,7.0,1113708880413618176,2017,,,,,,,,,,,,,,198.15,157.0,141.60000000000002,4598.100377258566,-26.47911111111111,2651.024017373737,176.40916666666666,0.3657026522177931,221.09467849336897
54,,proj,1724831472622,,2024,regular,nfl,season,2024-08-28 07:51:12.622,9509,ATL,rotowire,,13.5,999.0,12.5,4.6,6.7,4.6,6.1,10.8,6.5,999.0,6.1,,2.0,18.0,,,,,,,,236.7,264.7,208.7,247.0,110.9,8.0,1109.0,56.0,56.0,11.2,16.8,11.2,5.6,5.6,11.2,41.8,2.0,418.0,,,,,,,,,,,,,,,,,,,,,,,,,,,['RB'],Bijan,,,,,Robinson,1724341842539.0,RB,ATL,,,1.0,1113708865150545921,2023,,,,,,,,,,,,,,198.15,157.0,79.69999999999999,4598.100377258566,-26.47911111111111,2651.024017373737,176.40916666666666,0.3657026522177931,198.45768432108758
55,,proj,1724831471226,,2024,regular,nfl,season,2024-08-28 07:51:11.226,8155,NYJ,rotowire,,12.3,999.0,16.0,7.3,7.2,7.3,8.6,13.6,8.8,999.0,8.6,,2.0,18.0,,,,,,,,254.7,282.2,227.2,270.0,122.4,9.0,1224.0,55.0,55.0,11.0,16.5,11.0,5.5,5.5,11.0,40.8,2.0,408.0,1.0,,,,,,,,,,,,,,,,,,,,,,,,,,['RB'],Breece,,,,,Hall,1724340943419.0,RB,NYJ,,,2.0,1113708746330107905,2022,,,,,,,,,,,,,,198.15,157.0,97.69999999999999,4598.100377258566,-26.47911111111111,2651.024017373737,176.40916666666666,0.3657026522177931,205.04033206100786
56,,proj,1724831472541,,2024,regular,nfl,season,2024-08-28 07:51:12.541,9221,DET,rotowire,,18.8,999.0,18.6,9.7,10.9,9.7,10.3,15.6,12.7,999.0,10.3,,1.0,18.0,,,,,,,,208.7,235.2,182.2,191.0,90.5,7.0,905.0,53.0,53.0,10.6,15.9,10.6,5.3,5.3,10.6,39.7,2.0,397.0,,,,,,,,,,,,,,,,,,,,,,,,,,,['RB'],Jahmyr,Leg,,,Questionable,Gibbs,1724690143885.0,RB,DET,,,1.0,1113708815989108736,2023,,,,,,,,,,,,,,198.15,157.0,51.69999999999999,4598.100377258566,-26.47911111111111,2651.024017373737,176.40916666666666,0.3657026522177931,188.21801005898936
57,,proj,1724831468953,,2024,regular,nfl,season,2024-08-28 07:51:08.953,6813,IND,rotowire,,23.9,999.0,26.6,14.3,14.0,14.3,11.8,20.0,13.9,999.0,11.8,,2.0,18.0,,,,,,,,226.8,242.8,210.8,266.0,122.4,10.0,1224.0,32.0,32.0,6.4,9.6,6.4,3.2,3.2,6.4,24.4,1.0,244.0,1.0,,,,,,,,,,,,,,,,,,,,,,,,,,['RB'],Jonathan,,,,,Taylor,1724425806898.0,RB,IND,,,4.0,1113708779398000640,2020,,,,,,,,,,,,,,198.15,157.0,69.80000000000001,4598.100377258566,-26.47911111111111,2651.024017373737,176.40916666666666,0.3657026522177931,194.83722806413147
58,,proj,1724831466022,,2024,regular,nfl,season,2024-08-28 07:51:06.022,4866,PHI,rotowire,,22.5,999.0,34.7,19.5,17.7,19.5,12.1,21.9,12.6,999.0,12.1,,2.0,18.0,,,,,,,,219.8,240.8,198.8,261.0,115.7,7.0,1157.0,42.0,42.0,8.4,12.6,8.4,4.2,4.2,8.4,31.1,2.0,311.0,1.0,,,,,,,,,,,,,,,,,,,,,,,,,,['RB'],Saquon,,,,,Barkley,1724260832039.0,RB,PHI,,,6.0,1113708717460713472,2018,,,,,,,,,,,,,,198.15,157.0,62.80000000000001,4598.100377258566,-26.47911111111111,2651.024017373737,176.40916666666666,0.3657026522177931,192.27730949860688
59,,proj,1724831470141,,2024,regular,nfl,season,2024-08-28 07:51:10.141,7543,JAX,rotowire,,30.7,999.0,31.6,17.4,15.3,17.4,16.3,23.3,18.4,999.0,16.3,,2.0,18.0,,,,,,,,203.5,226.0,181.0,249.0,103.2,7.0,1032.0,45.0,45.0,9.0,13.5,9.0,4.5,4.5,9.0,33.8,1.0,338.0,,,,,,,,,,,,,,,,,,,,,,,,,,,['RB'],Travis,,,,,Etienne,1724509520552.0,RB,JAX,,,3.0,1113708891692101632,2021,,,,,,,,,,,,,,198.15,157.0,46.5,4598.100377258566,-26.47911111111111,2651.024017373737,176.40916666666666,0.3657026522177931,186.31635626745685
60,,proj,1724831471217,,2024,regular,nfl,season,2024-08-28 07:51:11.217,8150,LAR,rotowire,,28.4,999.0,38.7,22.8,23.8,22.8,17.8,26.1,16.9,999.0,17.8,,2.0,18.0,,,,,,,,209.0,226.5,191.5,242.0,107.5,9.0,1075.0,35.0,35.0,7.0,10.5,7.0,3.5,3.5,7.0,26.0,1.0,260.0,1.0,,,,,,,,,,,,,,,,,,,,,,,,,,['RB'],Kyren,,,,,Williams,1724807459855.0,RB,LAR,,,2.0,1113708701824348160,2022,,,,,,,,,,,,,,198.15,157.0,52.0,4598.100377258566,-26.47911111111111,2651.024017373737,176.40916666666666,0.3657026522177931,188.32772085465473
61,,proj,1724831464211,,2024,regular,nfl,season,2024-08-28 07:51:04.211,3198,BAL,rotowire,,34.4,999.0,69.5,49.9,47.0,49.9,18.6,47.8,20.5,999.0,18.6,,1.0,18.0,,,,,,,,213.7,223.7,203.7,251.0,117.2,11.0,1172.0,20.0,20.0,4.0,6.0,4.0,2.0,2.0,4.0,14.5,1.0,145.0,1.0,,,,,,,,,,,,,,,,,,,,,,,,,,['RB'],Derrick,,,,,Henry,1724246131213.0,RB,BAL,,,8.0,1113708869839777793,2016,,,,,,,,,,,,,,198.15,157.0,56.69999999999999,4598.100377258566,-26.47911111111111,2651.024017373737,176.40916666666666,0.3657026522177931,190.04652332007834
62,,proj,1724831472551,,2024,regular,nfl,season,2024-08-28 07:51:12.551,9226,MIA,rotowire,,44.2,999.0,41.9,25.0,26.0,25.0,23.0,34.8,25.0,999.0,23.0,,1.0,18.0,,,,,,,,204.9,228.4,181.4,180.0,93.0,7.0,930.0,47.0,47.0,9.4,14.1,9.4,4.7,4.7,9.4,36.4,2.0,364.0,,,,,,,,,,,,,,,,,,,,,,,,,,,['RB'],De'Von,,,,,Achane,1723995634908.0,RB,MIA,,,1.0,1113708739082350592,2023,,,,,,,,,,,,,,198.15,157.0,47.900000000000006,4598.100377258566,-26.47911111111111,2651.024017373737,176.40916666666666,0.3657026522177931,186.8283399805618
63,,proj,1724831467478,,2024,regular,nfl,season,2024-08-28 07:51:07.478,5850,GB,rotowire,,41.3,999.0,53.6,31.8,30.4,31.8,24.0,33.0,27.5,999.0,24.0,,1.0,18.0,,,,,,,,202.0,220.0,184.0,238.0,106.0,8.0,1060.0,36.0,36.0,7.2,10.8,7.2,3.6,3.6,7.2,26.0,1.0,260.0,,,,,,,,,,,,,,,,,,,,,,,,,,,['RB'],Josh,,,,,Jacobs,1724544624908.0,RB,GB,,,5.0,1113708798746324992,2019,,,,,,,,,,,,,,198.15,157.0,45.0,4598.100377258566,-26.47911111111111,2651.024017373737,176.40916666666666,0.3657026522177931,185.76780228913017
64,,proj,1724831471312,,2024,regular,nfl,season,2024-08-28 07:51:11.312,8205,KC,rotowire,,45.6,999.0,54.9,33.0,31.4,33.0,27.4,36.2,27.6,999.0,27.4,,1.0,18.0,,,,,,,,215.4,236.9,193.9,230.0,104.1,8.0,1041.0,43.0,43.0,8.6,12.9,8.6,4.3,4.3,8.6,31.8,2.0,318.0,,,,,,,,,,,,,,,,,,,,,,,,,,,['RB'],Isiah,,,,,Pacheco,1724363154780.0,RB,KC,,,2.0,1113708748368539649,2022,,,,,,,,,,,,,,198.15,157.0,58.400000000000006,4598.100377258566,-26.47911111111111,2651.024017373737,176.40916666666666,0.3657026522177931,190.6682178288486
65,,proj,1724831471191,,2024,regular,nfl,season,2024-08-28 07:51:11.191,8136,TB,rotowire,,48.0,999.0,55.5,37.3,38.0,37.3,37.6,39.5,38.5,999.0,37.6,,2.0,18.0,,,,,,,,194.3,219.3,169.3,215.0,88.3,6.0,883.0,50.0,50.0,10.0,15.0,10.0,5.0,5.0,10.0,37.0,2.0,370.0,,,,,,,,,,,,,,,,,,,,,,,,,,,['RB'],Rachaad,,,,,White,1724511320753.0,RB,TB,,,2.0,1113708728990855168,2022,,,,,,,,,,,,,,198.15,157.0,37.30000000000001,4598.100377258566,-26.47911111111111,2651.024017373737,176.40916666666666,0.3657026522177931,182.95189186705318
66,,proj,1724831471195,,2024,regular,nfl,season,2024-08-28 07:51:11.195,8138,BUF,rotowire,,58.8,999.0,59.1,41.4,39.7,41.4,40.2,53.2,41.1,999.0,40.2,,1.0,18.0,,,,,,,,181.7,201.7,161.7,203.0,90.8,5.0,908.0,40.0,40.0,8.0,12.0,8.0,4.0,4.0,8.0,30.9,2.0,309.0,,,,,,,,,,,,,,,,,,,,,,,,,,,['RB'],James,,,,,Cook,1724860563144.0,RB,BUF,,,2.0,1113708758887854080,2022,,,,,,,,,,,,,,198.15,157.0,24.69999999999999,4598.100377258566,-26.47911111111111,2651.024017373737,176.40916666666666,0.3657026522177931,178.34403844910895
67,,proj,1724831464883,,2024,regular,nfl,season,2024-08-28 07:51:04.883,4018,HOU,rotowire,,63.7,999.0,79.8,59.1,57.2,59.1,43.2,63.4,47.7,999.0,43.2,,1.0,18.0,,,,,,,,180.8,199.8,161.8,227.0,94.1,6.0,941.0,38.0,38.0,7.6,11.4,7.6,3.8,3.8,7.6,27.7,1.0,277.0,,,,,,,,,,,,,,,,,,,,,,,,,,,['RB'],Joe,,,,,Mixon,1724518220752.0,RB,HOU,,,7.0,1113708785504907264,2017,,,,,,,,,,,,,,198.15,157.0,23.80000000000001,4598.100377258566,-26.47911111111111,2651.024017373737,176.40916666666666,0.3657026522177931,178.01490606211297
68,,proj,1724831471218,,2024,regular,nfl,season,2024-08-28 07:51:11.218,8151,SEA,rotowire,,62.5,999.0,51.8,31.1,35.4,31.1,45.1,43.6,50.6,999.0,45.1,,1.0,18.0,,,,,,,,181.1,196.6,165.6,231.0,97.0,7.0,970.0,31.0,31.0,6.2,9.3,6.2,3.1,3.1,6.2,22.6,1.0,226.0,,,,,,,,,,,,,,,,,,,,,,,,,,,['RB'],Kenneth,,,,,Walker,1724362855631.0,RB,SEA,,,2.0,1113708720732270592,2022,,,,,,,,,,,,,,198.15,157.0,24.099999999999994,4598.100377258566,-26.47911111111111,2651.024017373737,176.40916666666666,0.3657026522177931,178.12461685777828
69,,proj,1724831464896,,2024,regular,nfl,season,2024-08-28 07:51:04.896,4035,NO,rotowire,,63.6,999.0,87.7,69.5,63.2,69.5,50.9,71.9,48.0,999.0,50.9,,1.0,18.0,,,,,,,,177.4,205.9,148.9,177.0,72.8,4.0,728.0,57.0,57.0,11.4,17.1,11.4,5.7,5.7,11.4,42.1,2.0,421.0,,,,,,,,,,,,,,,,,,,,,,,,,,,['RB'],Alvin,,,,,Kamara,1724607632875.0,RB,NO,,,7.0,1113708687463051264,2017,,,,,,,,,,,,,,198.15,157.0,20.400000000000006,4598.100377258566,-26.47911111111111,2651.024017373737,176.40916666666666,0.3657026522177931,176.77151704457248
70,,proj,1724831465135,,2024,regular,nfl,season,2024-08-28 07:51:05.135,4199,MIN,rotowire,,74.8,999.0,106.9,85.6,84.0,85.6,55.8,83.1,58.8,999.0,55.8,,1.0,18.0,,,,,,,,179.2,197.2,161.2,203.0,88.5,6.0,885.0,36.0,36.0,7.2,10.8,7.2,3.6,3.6,7.2,26.7,2.0,267.0,,,,,,,,,,,,,,,,,,,,,,,,,,,['RB'],Aaron,,,,,Jones,1723914920214.0,RB,MIN,,,7.0,1113708707763482624,2017,,,,,,,,,,,,,,198.15,157.0,22.19999999999999,4598.100377258566,-26.47911111111111,2651.024017373737,176.40916666666666,0.3657026522177931,177.4297818185645
71,,proj,1724831465043,,2024,regular,nfl,season,2024-08-28 07:51:05.043,4137,ARI,rotowire,,84.1,999.0,121.4,101.6,100.8,101.6,59.7,110.4,62.5,999.0,59.7,,1.0,18.0,,,,,,,,175.3,191.8,158.8,204.0,88.2,7.0,882.0,33.0,33.0,6.6,9.9,6.6,3.3,3.3,6.6,24.6,1.0,246.0,,,,,,,,,,,,,,,,,,,,,,,,,,,['RB'],James,,,,,Conner,1724861763166.0,RB,ARI,,,7.0,1113708844774617089,2017,,,,,,,,,,,,,,198.15,157.0,18.30000000000001,4598.100377258566,-26.47911111111111,2651.024017373737,176.40916666666666,0.3657026522177931,176.0035414749151
72,,proj,1724831467547,,2024,regular,nfl,season,2024-08-28 07:51:07.547,5892,DET,rotowire,,82.7,999.0,97.9,76.1,76.4,76.1,62.8,89.4,65.8,999.0,62.8,,1.0,18.0,,,,,,,,176.3,187.3,165.3,206.0,91.3,9.0,913.0,22.0,22.0,4.4,6.6,4.4,2.2,2.2,4.4,16.0,1.0,160.0,,,,,,,,,,,,,,,,,,,,,,,,,,,['RB'],David,,,,,Montgomery,1724861763185.0,RB,DET,,,5.0,1113708809991254017,2019,,,,,,,,,,,,,,198.15,157.0,19.30000000000001,4598.100377258566,-26.47911111111111,2651.024017373737,176.40916666666666,0.3657026522177931,176.3692441271329
73,,proj,1724831468907,,2024,regular,nfl,season,2024-08-28 07:51:08.907,6790,CHI,rotowire,,78.6,999.0,71.6,53.4,53.9,53.4,64.1,69.2,62.1,999.0,64.1,,1.0,18.0,,,,,,,,166.0,184.5,147.5,191.0,80.4,6.0,804.0,37.0,37.0,7.4,11.1,7.4,3.7,3.7,7.4,27.1,1.0,271.0,,,,,,,,,,,,,,,,,,,,,,,,,,,['RB'],D'Andre,,,,,Swift,1724385057865.0,RB,CHI,,,4.0,1113708765938479104,2020,,,,,,,,,,,,,,198.15,157.0,9.0,4598.100377258566,-26.47911111111111,2651.024017373737,176.40916666666666,0.3657026522177931,172.60250680928962
74,,proj,1724831470246,,2024,regular,nfl,season,2024-08-28 07:51:10.246,7611,NE,rotowire,,79.6,999.0,86.5,65.0,67.6,65.0,66.1,79.0,69.5,999.0,66.1,,1.0,18.0,,,,,,,,170.3,186.3,154.3,215.0,90.7,6.0,907.0,32.0,32.0,6.4,9.6,6.4,3.2,3.2,6.4,23.6,1.0,236.0,,,,,,,,,,,,,,,,,,,,,,,,,,,['RB'],Rhamondre,,,,,Stevenson,1724688043106.0,RB,NE,,,3.0,1113708791968329728,2021,,,,,,,,,,,,,,198.15,157.0,13.300000000000011,4598.100377258566,-26.47911111111111,2651.024017373737,176.40916666666666,0.3657026522177931,174.17502821382612
75,,proj,1724831470116,,2024,regular,nfl,season,2024-08-28 07:51:10.116,7528,PIT,rotowire,,90.1,999.0,102.7,79.2,81.3,79.2,69.3,86.8,73.6,999.0,69.3,,1.0,18.0,,,,,,,,172.5,184.5,160.5,234.0,97.0,7.0,970.0,24.0,24.0,4.8,7.2,4.8,2.4,2.4,4.8,17.5,1.0,175.0,,,,,,,,,,,,,,,,,,,,,,,,,,,['RB'],Najee,,,,,Harris,1724599533465.0,RB,PIT,,,3.0,1113708818006568961,2021,,,,,,,,,,,,,,198.15,157.0,15.5,4598.100377258566,-26.47911111111111,2651.024017373737,176.40916666666666,0.3657026522177931,174.97957404870527
76,,proj,1724831471197,,2024,regular,nfl,season,2024-08-28 07:51:11.197,8139,LV,rotowire,,93.9,999.0,95.1,81.2,83.0,81.2,73.8,101.0,82.2,999.0,73.8,,1.0,18.0,,,,,,,,157.0,170.5,143.5,202.0,83.8,6.0,838.0,27.0,27.0,5.4,8.1,5.4,2.7,2.7,5.4,19.7,1.0,197.0,,,,,,,,,,,,,,,,,,,,,,,,,,,['RB'],Zamir,,,,,White,1723997135897.0,RB,LV,,,2.0,1113708769298116608,2022,,,,,,,,,,,,,,198.15,157.0,0.0,4598.100377258566,-26.47911111111111,2651.024017373737,176.40916666666666,0.3657026522177931,169.31118293932948
77,,proj,1724831463160,,2024,regular,nfl,season,2024-08-28 07:51:03.160,1466,KC,rotowire,,27.9,999.0,50.7,45.4,43.4,45.4,25.6,31.9,20.8,999.0,25.6,,1.0,18.0,,,,,,,,165.1,205.1,125.1,1.0,0.4,,4.0,,80.0,16.0,24.0,16.0,8.0,8.0,16.0,84.7,7.0,847.0,,,80.0,,,,,,,,,,,,,,,,,,,,,,,,['TE'],Travis,,,,,Kelce,1724361655957.0,TE,KC,,,11.0,1113708752030167040,2013,,,,,,,,,,,,,,145.75,129.0,36.099999999999994,4598.100377258566,-13.454166666666666,1365.6878079710148,130.23749999999998,0.22899669900305847,138.2208974189941
78,,proj,1724831460268,,2024,regular,nfl,season,2024-08-28 07:51:00.268,10859,DET,rotowire,,26.6,999.0,25.8,15.5,15.1,15.5,30.0,23.6,24.8,999.0,30.0,,1.0,18.0,,,,,,,,164.4,204.9,123.9,,,,,,81.0,16.2,24.3,16.2,8.1,8.1,16.2,83.9,7.0,839.0,,,81.0,,,,,,,,,,,,,,,,,,,,,,,,['TE'],Sam,Undisclosed,,,Questionable,LaPorta,1724690744182.0,TE,DET,,,1.0,1113708810918195200,2023,,,,,,,,,,,,,,145.75,129.0,35.400000000000006,4598.100377258566,-13.454166666666666,1365.6878079710148,130.23749999999998,0.22899669900305847,138.06059972969197
79,,proj,1724831471182,,2024,regular,nfl,season,2024-08-28 07:51:11.182,8130,ARI,rotowire,,39.4,999.0,39.6,39.6,37.9,39.6,48.2,38.1,46.0,999.0,48.2,,1.0,18.0,,,,,,,,150.0,190.0,110.0,,,,,,80.0,16.0,24.0,16.0,8.0,8.0,16.0,82.0,5.0,820.0,,,80.0,,,,,,,,,,,,,,,,,,,,,,,,['TE'],Trey,,,,,McBride,1724343643117.0,TE,ARI,,,2.0,1113708846951460864,2022,,,,,,,,,,,,,,145.75,129.0,21.0,4598.100377258566,-13.454166666666666,1365.6878079710148,130.23749999999998,0.22899669900305847,134.76304726404794
80,,proj,1724831466218,,2024,regular,nfl,season,2024-08-28 07:51:06.218,5012,BAL,rotowire,,47.5,999.0,58.8,51.4,47.2,51.4,48.3,52.2,45.8,999.0,48.3,,1.0,18.0,,,,,,,,158.2,191.7,124.7,,,,,,67.0,13.4,20.1,13.4,6.7,6.7,13.4,84.7,7.0,847.0,,,67.0,,,,,,,,,,,,,,,,,,,,,,,,['TE'],Mark,Undisclosed,,,Questionable,Andrews,1724694044285.0,TE,BAL,,,6.0,1113708865469313024,2018,,,,,,,,,,,,,,145.75,129.0,29.19999999999999,4598.100377258566,-13.454166666666666,1365.6878079710148,130.23749999999998,0.22899669900305847,136.640820195873
81,,proj,1724831460206,,2024,regular,nfl,season,2024-08-28 07:51:00.206,10236,BUF,rotowire,,49.8,999.0,43.6,44.3,44.7,44.3,51.3,44.6,51.6,999.0,51.3,,1.0,18.0,,,,,,,,144.9,182.9,106.9,,,,,,76.0,15.2,22.8,15.2,7.6,7.6,15.2,78.9,5.0,789.0,,,76.0,,,,,,,,,,,,,,,,,,,,,,,,['TE'],Dalton,,,,,Kincaid,1724862363432.0,TE,BUF,,,1.0,1113708758392926208,2023,,,,,,,,,,,,,,145.75,129.0,15.900000000000006,4598.100377258566,-13.454166666666666,1365.6878079710148,130.23749999999998,0.22899669900305847,133.59516409913232
82,,proj,1724831465161,,2024,regular,nfl,season,2024-08-28 07:51:05.161,4217,SF,rotowire,,69.3,999.0,82.4,78.5,74.6,78.5,58.9,73.4,53.2,999.0,58.9,,1.0,18.0,,,,,,,,155.8,188.3,123.3,1.0,0.5,,5.0,,65.0,13.0,19.5,13.0,6.5,6.5,13.0,88.8,6.0,888.0,,,65.0,,,,,,,,,,,,,,,,,,,,,,,,['TE'],George,,,,,Kittle,1724513121159.0,TE,SF,,,7.0,1113708874457706496,2017,,,,,,,,,,,,,,145.75,129.0,26.80000000000001,4598.100377258566,-13.454166666666666,1365.6878079710148,130.23749999999998,0.22899669900305847,136.09122811826566
83,,proj,1724831470157,,2024,regular,nfl,season,2024-08-28 07:51:10.157,7553,ATL,rotowire,,61.1,999.0,49.5,47.5,49.7,47.5,61.3,54.7,55.3,999.0,61.3,,1.0,18.0,,,,,,,,146.6,180.6,112.6,,,,,,68.0,13.6,20.4,13.6,6.8,6.8,13.6,84.6,5.0,846.0,,,68.0,,,,,,,,,,,,,,,,,,,,,,,,['TE'],Kyle,,,,,Pitts,1724344843292.0,TE,ATL,,,3.0,1113708858418688001,2021,,,,,,,,,,,,,,145.75,129.0,17.599999999999994,4598.100377258566,-13.454166666666666,1365.6878079710148,130.23749999999998,0.22899669900305847,133.98445848743754
84,,proj,1724831464939,,2024,regular,nfl,season,2024-08-28 07:51:04.939,4066,JAX,rotowire,,68.2,999.0,94.6,95.3,92.1,95.3,71.6,84.4,67.6,999.0,71.6,,1.0,18.0,,,,,,,,129.0,165.5,92.5,,,,,,73.0,14.6,21.9,14.6,7.3,7.3,14.6,70.5,4.0,705.0,,,73.0,,,,,,,,,,,,,,,,,,,,,,,,['TE'],Evan,,,,,Engram,1724511020580.0,TE,JAX,,,7.0,1113708894128992256,2017,,,,,,,,,,,,,,145.75,129.0,0.0,4598.100377258566,-13.454166666666666,1365.6878079710148,130.23749999999998,0.22899669900305847,129.9541165849837
85,,proj,1724831461569,,2024,regular,nfl,season,2024-08-28 07:51:01.569,11604,LV,rotowire,,83.1,999.0,47.0,43.3,45.2,43.3,83.2,59.9,79.8,999.0,83.2,,1.0,18.0,,,,,,,,131.3,163.3,99.3,,,,,,64.0,12.8,19.2,12.8,6.4,6.4,12.8,71.3,5.0,713.0,,,64.0,,,,,,,,,,,,,,,,,,,,,,,,['TE'],Brock,Foot,,,Questionable,Bowers,1724605533871.0,TE,LV,,,0.0,1113708771814699008,2024,,,,,,,,,,,,,,145.75,129.0,2.3000000000000114,4598.100377258566,-13.454166666666666,1365.6878079710148,130.23749999999998,0.22899669900305847,130.48080899269073
86,,proj,1724831471152,,2024,regular,nfl,season,2024-08-28 07:51:11.152,8110,DAL,rotowire,,85.0,999.0,88.0,87.1,85.1,87.1,85.5,94.3,86.6,999.0,85.5,,1.0,18.0,,,,,,,,133.1,167.1,99.1,,,,,,68.0,13.6,20.4,13.6,6.8,6.8,13.6,71.1,5.0,711.0,,,68.0,,,,,,,,,,,,,,,,,,,,,,,,['TE'],Jake,,,,,Ferguson,1724862363406.0,TE,DAL,,,2.0,1113708857487552512,2022,,,,,,,,,,,,,,145.75,129.0,4.099999999999994,4598.100377258566,-13.454166666666666,1365.6878079710148,130.23749999999998,0.22899669900305847,130.89300305089623
87,,proj,1724831464894,,2024,regular,nfl,season,2024-08-28 07:51:04.894,4033,CLE,rotowire,,87.4,999.0,91.5,90.7,89.1,90.7,87.6,97.3,84.0,999.0,87.6,,1.0,18.0,,,,,,,,132.1,165.1,99.1,,,,,,66.0,13.2,19.8,13.2,6.6,6.6,13.2,71.1,5.0,711.0,,,66.0,,,,,,,,,,,,,,,,,,,,,,,,['TE'],David,Undisclosed,,,Questionable,Njoku,1724712044661.0,TE,CLE,,,7.0,1113708840559341568,2017,,,,,,,,,,,,,,145.75,129.0,3.0999999999999943,4598.100377258566,-13.454166666666666,1365.6878079710148,130.23749999999998,0.22899669900305847,130.6640063518932
88,,proj,1724831466238,,2024,regular,nfl,season,2024-08-28 07:51:06.238,5022,PHI,rotowire,,110.7,999.0,124.4,119.4,117.8,119.4,107.4,132.1,102.2,999.0,107.4,,1.0,18.0,,,,,,,,129.2,163.2,95.2,,,,,,68.0,13.6,20.4,13.6,6.8,6.8,13.6,73.2,4.0,732.0,,,68.0,,,,,,,,,,,,,,,,,,,,,,,,['TE'],Dallas,Oblique,,,Questionable,Goedert,1724262032324.0,TE,PHI,,,6.0,1113708719138435072,2018,,,,,,,,,,,,,,145.75,129.0,0.19999999999998863,4598.100377258566,-13.454166666666666,1365.6878079710148,130.23749999999998,0.22899669900305847,129.99991592478432
89,,proj,1724831464378,,2024,regular,nfl,season,2024-08-28 07:51:04.378,3321,MIA,rotowire,,6.1,999.0,22.0,10.2,9.0,10.2,2.1,12.3,2.7,999.0,2.1,,1.0,18.0,,,,,,,,267.4,323.4,211.4,5.0,3.6,,36.0,,112.0,22.4,33.6,22.4,11.2,11.2,22.4,155.8,9.0,1558.0,,112.0,,,,,,,,,,,,,,,,,,,,,,,,,['WR'],Tyreek,Hand,,,Questionable,Hill,1724260531905.0,WR,MIA,,,8.0,1113708734774800384,2016,,,,,,,,,,,,,,189.25,156.0,111.39999999999998,4598.100377258566,-15.821388888888887,2443.1028543818466,176.0511111111111,0.34697235316309266,207.74665004772277
90,,proj,1724831468901,,2024,regular,nfl,season,2024-08-28 07:51:08.901,6786,DAL,rotowire,,5.1,999.0,7.3,2.4,2.6,2.4,3.9,5.9,3.1,999.0,3.9,,1.0,18.0,,,,,,,,262.4,319.9,204.9,12.0,7.4,1.0,74.0,,115.0,23.0,34.5,23.0,11.5,11.5,23.0,145.5,8.0,1455.0,,115.0,,,,,,,,,,,,,,,,,,,,,,,,,['WR'],CeeDee,Personal,,,NA,Lamb,1724851559657.0,WR,DAL,,,4.0,1113708855537201152,2020,,,,,,,,,,,,,,189.25,156.0,106.39999999999998,4598.100377258566,-15.821388888888887,2443.1028543818466,176.0511111111111,0.34697235316309266,206.01178828190731
91,,proj,1724831468913,,2024,regular,nfl,season,2024-08-28 07:51:08.913,6794,MIN,rotowire,,9.7,999.0,5.8,1.7,1.6,1.7,4.3,3.4,4.9,999.0,4.3,,1.0,18.0,,,,,,,,236.4,288.9,183.9,2.0,1.2,,12.0,,105.0,21.0,31.5,21.0,10.5,10.5,21.0,142.7,7.0,1427.0,,105.0,,,,,,,,,,,,,,,,,,,,,,,,,['WR'],Justin,,,,,Jefferson,1723915520511.0,WR,MIN,,,4.0,1113708708145164288,2020,,,,,,,,,,,,,,189.25,156.0,80.4,4598.100377258566,-15.821388888888887,2443.1028543818466,176.0511111111111,0.34697235316309266,196.9905070996669
92,,proj,1724831470175,,2024,regular,nfl,season,2024-08-28 07:51:10.175,7564,CIN,rotowire,,10.5,999.0,8.0,3.9,3.6,3.9,5.6,7.8,5.6,999.0,5.6,,1.0,18.0,,,,,,,,236.8,289.3,184.3,3.0,1.6,,16.0,,105.0,21.0,31.5,21.0,10.5,10.5,21.0,136.7,8.0,1367.0,,105.0,,,,,,,,,,,,,,,,,,,,,,,,,['WR'],Ja'Marr,,,,,Chase,1724796955173.0,WR,CIN,,,3.0,1113708809265639424,2021,,,,,,,,,,,,,,189.25,156.0,80.80000000000001,4598.100377258566,-15.821388888888887,2443.1028543818466,176.0511111111111,0.34697235316309266,197.12929604093216
93,,proj,1724831470147,,2024,regular,nfl,season,2024-08-28 07:51:10.147,7547,DET,rotowire,,11.1,999.0,10.2,5.9,5.2,5.9,6.2,9.5,6.8,999.0,6.2,,1.0,18.0,,,,,,,,227.6,283.1,172.1,6.0,3.6,,36.0,,111.0,22.2,33.3,22.2,11.1,11.1,22.2,128.5,7.0,1285.0,,111.0,,,,,,,,,,,,,,,,,,,,,,,,,['WR'],Amon-Ra,,,,,St. Brown,1724547925284.0,WR,DET,,,3.0,1113708810284855296,2021,,,,,,,,,,,,,,189.25,156.0,71.6,4598.100377258566,-15.821388888888887,2443.1028543818466,176.0511111111111,0.34697235316309266,193.9371503918317
94,,proj,1724831467490,,2024,regular,nfl,season,2024-08-28 07:51:07.490,5859,PHI,rotowire,,15.2,999.0,23.8,13.9,13.5,13.9,9.1,15.4,9.1,999.0,9.1,,1.0,18.0,,,,,,,,223.0,267.0,179.0,1.0,0.6000000000000001,,6.0,,88.0,17.6,26.4,17.6,8.8,8.8,17.6,132.4,8.0,1324.0,,88.0,,,,,,,,,,,,,,,,,,,,,,,,,['WR'],A.J.,,,,,Brown,1724343042647.0,WR,PHI,,,5.0,1113708717729148928,2019,,,,,,,,,,,,,,189.25,156.0,67.0,4598.100377258566,-15.821388888888887,2443.1028543818466,176.0511111111111,0.34697235316309266,192.34107756728147
95,,proj,1724831471208,,2024,regular,nfl,season,2024-08-28 07:51:11.208,8146,NYJ,rotowire,,20.5,999.0,21.0,12.0,12.3,12.0,13.3,19.5,11.7,999.0,13.3,,1.0,18.0,,,,,,,,224.2,273.7,174.7,5.0,3.1,,31.0,,99.0,19.8,29.7,19.8,9.9,9.9,19.8,125.6,8.0,1256.0,,99.0,,,,,,,,,,,,,,,,,,,,,,,,,['WR'],Garrett,,,,,Wilson,1724859663441.0,WR,NYJ,,,2.0,1113708743457009664,2022,,,,,,,,,,,,,,189.25,156.0,68.19999999999999,4598.100377258566,-15.821388888888887,2443.1028543818466,176.0511111111111,0.34697235316309266,192.75744439107717
96,,proj,1724831461610,,2024,regular,nfl,season,2024-08-28 07:51:01.610,11628,ARI,rotowire,,23.1,999.0,14.7,7.4,7.9,7.4,14.0,14.2,15.4,999.0,14.0,,1.0,18.0,,,,,,,,195.3,235.8,154.8,1.0,0.7000000000000001,,7.0,,81.0,16.2,24.3,16.2,8.1,8.1,16.2,114.1,7.0,1141.0,,81.0,,,,,,,,,,,,,,,,,,,,,,,,,['WR'],Marvin,,,,,Harrison,1724636137545.0,WR,ARI,,,0.0,1113708849954582528,2024,,,,,,,,,,,,,,189.25,156.0,39.30000000000001,4598.100377258566,-15.821388888888887,2443.1028543818466,176.0511111111111,0.34697235316309266,182.7299433846638
97,,proj,1724831472594,,2024,regular,nfl,season,2024-08-28 07:51:12.594,9493,LAR,rotowire,,17.7,999.0,20.2,11.3,11.2,11.3,15.9,17.2,17.3,999.0,15.9,,1.0,18.0,,,,,,,,213.2,259.2,167.2,8.0,4.1,,41.0,,92.0,18.4,27.6,18.4,9.2,9.2,18.4,123.1,7.0,1231.0,,92.0,,,,,,,,,,,,,,,,,,,,,,,,,['WR'],Puka,Knee,,,Questionable,Nacua,1724692543401.0,WR,LAR,,,1.0,1113708701430083584,2023,,,,,,,,,,,,,,189.25,156.0,57.19999999999999,4598.100377258566,-15.821388888888887,2443.1028543818466,176.0511111111111,0.34697235316309266,188.94074850628317
98,,proj,1724831471155,,2024,regular,nfl,season,2024-08-28 07:51:11.155,8112,ATL,rotowire,,31.6,999.0,33.1,23.3,24.0,23.3,19.4,29.2,19.7,999.0,19.4,,1.0,18.0,,,,,,,,199.4,243.4,155.4,2.0,1.1,,11.0,,88.0,17.6,26.4,17.6,8.8,8.8,17.6,114.3,7.0,1143.0,,88.0,,,,,,,,,,,,,,,,,,,,,,,,,['WR'],Drake,,,,,London,1724859362980.0,WR,ATL,,,2.0,1113708859333046272,2022,,,,,,,,,,,,,,189.25,156.0,43.400000000000006,4598.100377258566,-15.821388888888887,2443.1028543818466,176.0511111111111,0.34697235316309266,184.15253003263248
99,,proj,1724831463611,,2024,regular,nfl,season,2024-08-28 07:51:03.611,2133,LV,rotowire,,33.5,999.0,73.3,61.2,58.2,61.2,20.7,51.4,17.6,999.0,20.7,,1.0,18.0,,,,,,,,188.7,234.2,143.2,1.0,0.5,,5.0,,91.0,18.2,27.3,18.2,9.1,9.1,18.2,108.7,6.0,1087.0,,91.0,,,,,,,,,,,,,,,,,,,,,,,,,['WR'],Davante,Undisclosed,,,Questionable,Adams,1724860563197.0,WR,LV,,,10.0,1113708773697941505,2014,,,,,,,,,,,,,,189.25,156.0,32.69999999999999,4598.100377258566,-15.821388888888887,2443.1028543818466,176.0511111111111,0.34697235316309266,180.43992585378737
100,,proj,1724831471204,,2024,regular,nfl,season,2024-08-28 07:51:11.204,8144,NO,rotowire,,31.8,999.0,30.4,20.5,19.0,20.5,22.6,25.8,23.4,999.0,22.6,,1.0,18.0,,,,,,,,197.7,241.7,153.7,1.0,0.5,,5.0,,88.0,17.6,26.4,17.6,8.8,8.8,17.6,119.2,6.0,1192.0,,88.0,,,,,,,,,,,,,,,,,,,,,,,,,['WR'],Chris,,,,,Olave,1724083848230.0,WR,NO,,,2.0,1113708682526355457,2022,,,,,,,,,,,,,,189.25,156.0,41.69999999999999,4598.100377258566,-15.821388888888887,2443.1028543818466,176.0511111111111,0.34697235316309266,183.56267703225524
101,,proj,1724831468931,,2024,regular,nfl,season,2024-08-28 07:51:08.931,6803,SF,rotowire,,35.6,999.0,37.0,26.0,25.0,26.0,26.4,31.8,26.6,999.0,26.4,,1.0,18.0,,,,,,,,189.8,227.8,151.8,1.0,0.5,,5.0,,76.0,15.2,22.8,15.2,7.6,7.6,15.2,111.3,7.0,1113.0,,76.0,,,,,,,,,,,,,,,,,,,,,,,,,['WR'],Brandon,,,,,Aiyuk,1724866202146.0,WR,SF,,,4.0,1113708879377625088,2020,,,,,,,,,,,,,,189.25,156.0,33.80000000000001,4598.100377258566,-15.821388888888887,2443.1028543818466,176.0511111111111,0.34697235316309266,180.8215954422668
102,,proj,1724831467515,,2024,regular,nfl,season,2024-08-28 07:51:07.515,5872,SF,rotowire,,55.3,999.0,67.8,55.3,55.9,55.3,27.4,57.9,33.3,999.0,27.4,,1.0,18.0,,,,,,,,200.1,232.6,167.6,41.0,24.3,3.0,243.0,,65.0,13.0,19.5,13.0,6.5,6.5,13.0,91.3,6.0,913.0,,65.0,,,,,,,,,,,,,,,,,,,,,,,,,['WR'],Deebo,,,,,Samuel,1724513121181.0,WR,SF,,,5.0,1113708876399669248,2019,,,,,,,,,,,,,,189.25,156.0,44.099999999999994,4598.100377258566,-15.821388888888887,2443.1028543818466,176.0511111111111,0.34697235316309266,184.39541067984663
103,,proj,1724831463658,,2024,regular,nfl,season,2024-08-28 07:51:03.658,2216,TB,rotowire,,42.1,999.0,76.0,63.3,63.1,63.3,29.9,61.5,29.4,999.0,29.9,,1.0,18.0,,,,,,,,195.4,232.4,158.4,1.0,0.5,,5.0,,74.0,14.8,22.2,14.8,7.4,7.4,14.8,111.9,8.0,1119.0,,74.0,,,,,,,,,,,,,,,,,,,,,,,,,['WR'],Mike,,,,,Evans,1724451910384.0,WR,TB,,,10.0,1113708732782505984,2014,,,,,,,,,,,,,,189.25,156.0,39.400000000000006,4598.100377258566,-15.821388888888887,2443.1028543818466,176.0511111111111,0.34697235316309266,182.76464061998013
104,,proj,1724831470182,,2024,regular,nfl,season,2024-08-28 07:51:10.182,7569,HOU,rotowire,,53.5,999.0,46.4,36.8,36.8,36.8,33.5,46.7,31.1,999.0,33.5,,1.0,18.0,,,,,,,,195.1,234.1,156.1,2.0,1.0,,10.0,,78.0,15.6,23.4,15.6,7.8,7.8,15.6,115.1,7.0,1151.0,,78.0,,,,,,,,,,,,,,,,,,,,,,,,,['WR'],Nico,,,,,Collins,1724860563239.0,WR,HOU,,,3.0,1113708788407365632,2021,,,,,,,,,,,,,,189.25,156.0,39.099999999999994,4598.100377258566,-15.821388888888887,2443.1028543818466,176.0511111111111,0.34697235316309266,182.66054891403118
105,,proj,1724831463890,,2024,regular,nfl,season,2024-08-28 07:51:03.890,2449,HOU,rotowire,,52.3,999.0,77.1,62.7,55.3,62.7,34.7,55.8,32.2,999.0,34.7,,1.0,18.0,,,,,,,,184.1,226.1,142.1,1.0,0.5,,5.0,,84.0,16.8,25.2,16.8,8.4,8.4,16.8,101.6,7.0,1016.0,,84.0,,,,,,,,,,,,,,,,,,,,,,,,,['WR'],Stefon,,,,,Diggs,1723968929270.0,WR,HOU,,,9.0,1113708787232960512,2015,,,,,,,,,,,,,,189.25,156.0,28.099999999999994,4598.100377258566,-15.821388888888887,2443.1028543818466,176.0511111111111,0.34697235316309266,178.84385302923715
106,,proj,1724831470112,,2024,regular,nfl,season,2024-08-28 07:51:10.112,7526,MIA,rotowire,,46.7,999.0,36.8,27.0,27.4,27.0,34.9,35.0,36.0,999.0,34.9,,1.0,18.0,,,,,,,,190.5,232.0,149.0,3.0,1.9000000000000001,,19.0,,83.0,16.6,24.9,16.6,8.3,8.3,16.6,113.1,6.0,1131.0,,83.0,,,,,,,,,,,,,,,,,,,,,,,,,['WR'],Jaylen,Undisclosed,,,Questionable,Waddle,1724685042188.0,WR,MIA,,,3.0,1113708735299088384,2021,,,,,,,,,,,,,,189.25,156.0,34.5,4598.100377258566,-15.821388888888887,2443.1028543818466,176.0511111111111,0.34697235316309266,181.06447608948096
107,,proj,1724831466171,,2024,regular,nfl,season,2024-08-28 07:51:06.171,4983,CHI,rotowire,,54.7,999.0,52.4,39.9,39.0,39.9,38.6,41.1,37.1,999.0,38.6,,1.0,18.0,,,,,,,,186.9,225.9,147.9,4.0,2.4,,24.0,,78.0,15.6,23.4,15.6,7.8,7.8,15.6,105.5,7.0,1055.0,,78.0,,,,,,,,,,,,,,,,,,,,,,,,,['WR'],DJ,,,,,Moore,1724176825227.0,WR,CHI,,,6.0,1113708766076891136,2018,,,,,,,,,,,,,,189.25,156.0,30.900000000000006,4598.100377258566,-15.821388888888887,2443.1028543818466,176.0511111111111,0.34697235316309266,179.81537561809384
108,,proj,1724831464906,,2024,regular,nfl,season,2024-08-28 07:51:04.906,4039,LAR,rotowire,,55.4,999.0,85.0,71.2,68.4,71.2,39.1,70.6,39.0,999.0,39.1,,1.0,18.0,,,,,,,,194.9,239.9,149.9,4.0,2.6,,26.0,,90.0,18.0,27.0,18.0,9.0,9.0,18.0,107.3,7.0,1073.0,,90.0,,,,,,,,,,,,,,,,,,,,,,,,,['WR'],Cooper,,,,,Kupp,1724541924592.0,WR,LAR,,,7.0,1113708702235389952,2017,,,,,,,,,,,,,,189.25,156.0,38.900000000000006,4598.100377258566,-15.821388888888887,2443.1028543818466,176.0511111111111,0.34697235316309266,182.59115444339858
109,,proj,1724831467472,,2024,regular,nfl,season,2024-08-28 07:51:07.472,5846,SEA,rotowire,,59.0,999.0,57.9,38.6,41.3,38.6,41.9,50.9,43.1,999.0,41.9,,1.0,18.0,,,,,,,,192.0,229.5,154.5,1.0,0.5,,5.0,,75.0,15.0,22.5,15.0,7.5,7.5,15.0,108.0,8.0,1080.0,,75.0,,,,,,,,,,,,,,,,,,,,,,,,,['WR'],DK,,,,,Metcalf,1724592629868.0,WR,SEA,,,5.0,1113708722909114368,2019,,,,,,,,,,,,,,189.25,156.0,36.0,4598.100377258566,-15.821388888888887,2443.1028543818466,176.0511111111111,0.34697235316309266,181.5849346192256
110,,proj,1724831461617,,2024,regular,nfl,season,2024-08-28 07:51:01.617,11632,NYG,rotowire,,57.2,999.0,27.4,15.9,20.1,15.9,42.0,30.2,44.0,999.0,42.0,,1.0,18.0,,,,,,,,176.6,214.6,138.6,2.0,1.5,,15.0,,76.0,15.2,22.8,15.2,7.6,7.6,15.2,103.1,6.0,1031.0,,76.0,,,,,,,,,,,,,,,,,,,,,,,,,['WR'],Malik,,,,,Nabers,1723997736825.0,WR,NYG,,,0.0,1113708675647696896,2024,,,,,,,,,,,,,,189.25,156.0,20.599999999999994,4598.100377258566,-15.821388888888887,2443.1028543818466,176.0511111111111,0.34697235316309266,176.241560380514
111,,proj,1724831468963,,2024,regular,nfl,season,2024-08-28 07:51:08.963,6819,IND,rotowire,,43.7,999.0,44.7,35.7,31.5,35.7,44.7,37.0,40.8,999.0,44.7,,1.0,18.0,,,,,,,,171.0,215.0,127.0,1.0,0.5,,5.0,,88.0,17.6,26.4,17.6,8.8,8.8,17.6,98.5,5.0,985.0,,88.0,,,,,,,,,,,,,,,,,,,,,,,,,['WR'],Michael,,,,,Pittman,1724425806845.0,WR,IND,,,4.0,1113708775547629568,2020,,,,,,,,,,,,,,189.25,156.0,15.0,4598.100377258566,-15.821388888888887,2443.1028543818466,176.0511111111111,0.34697235316309266,174.29851520280067
112,,proj,1724831470110,,2024,regular,nfl,season,2024-08-28 07:51:10.110,7525,PHI,rotowire,,60.6,999.0,45.1,30.2,29.5,30.2,47.3,47.0,48.7,999.0,47.3,,1.0,18.0,,,,,,,,181.2,223.7,138.7,1.0,0.6000000000000001,,6.0,,85.0,17.0,25.5,17.0,8.5,8.5,17.0,104.1,6.0,1041.0,,85.0,,,,,,,,,,,,,,,,,,,,,,,,,['WR'],DeVonta,,,,,Smith,1724364055513.0,WR,PHI,,,3.0,1113708714856050688,2021,,,,,,,,,,,,,,189.25,156.0,25.19999999999999,4598.100377258566,-15.821388888888887,2443.1028543818466,176.0511111111111,0.34697235316309266,177.8376332050642
113,,proj,1724831472678,,2024,regular,nfl,season,2024-08-28 07:51:12.678,9997,BAL,rotowire,,70.9,999.0,55.9,42.1,42.5,42.1,52.7,60.2,52.7,999.0,52.7,,1.0,18.0,,,,,,,,172.8,213.3,132.3,8.0,5.1,,51.0,,81.0,16.2,24.3,16.2,8.1,8.1,16.2,93.2,6.0,932.0,,81.0,,,,,,,,,,,,,,,,,,,,,,,,,['WR'],Zay,,,,,Flowers,1724343343714.0,WR,BAL,,,1.0,1113708866622746624,2023,,,,,,,,,,,,,,189.25,156.0,16.80000000000001,4598.100377258566,-15.821388888888887,2443.1028543818466,176.0511111111111,0.34697235316309266,174.92306543849423
114,,proj,1724831472610,,2024,regular,nfl,season,2024-08-28 07:51:12.610,9502,HOU,rotowire,,73.4,999.0,60.4,46.5,46.7,46.5,54.9,66.7,54.0,999.0,54.9,,1.0,18.0,,,,,,,,182.3,222.3,142.3,12.0,6.8,,68.0,,80.0,16.0,24.0,16.0,8.0,8.0,16.0,101.5,6.0,1015.0,,80.0,,,,,,,,,,,,,,,,,,,,,,,,,['WR'],Tank,,,,,Dell,1724849762279.0,WR,HOU,,,1.0,1113708783609081857,2023,,,,,,,,,,,,,,189.25,156.0,26.30000000000001,4598.100377258566,-15.821388888888887,2443.1028543818466,176.0511111111111,0.34697235316309266,178.2193027935436
115,,proj,1724831463713,,2024,regular,nfl,season,2024-08-28 07:51:03.713,2309,CLE,rotowire,,66.4,999.0,98.8,84.5,79.3,84.5,55.2,82.1,59.6,999.0,55.2,,1.0,18.0,,,,,,,,186.6,223.6,149.6,1.0,0.5,,5.0,,74.0,14.8,22.2,14.8,7.4,7.4,14.8,109.1,7.0,1091.0,,74.0,,,,,,,,,,,,,,,,,,,,,,,,,['WR'],Amari,,,,,Cooper,1724546425277.0,WR,CLE,,,9.0,1113708836566364160,2015,,,,,,,,,,,,,,189.25,156.0,30.599999999999994,4598.100377258566,-15.821388888888887,2443.1028543818466,176.0511111111111,0.34697235316309266,179.7112839121449
116,,proj,1724831468927,,2024,regular,nfl,season,2024-08-28 07:51:08.927,6801,CIN,rotowire,,71.5,999.0,62.2,47.5,50.3,47.5,57.3,67.2,60.1,999.0,57.3,,1.0,18.0,,,,,,,,178.8,214.8,142.8,1.0,0.5,,5.0,,72.0,14.4,21.6,14.4,7.2,7.2,14.4,102.3,7.0,1023.0,,72.0,,,,,,,,,,,,,,,,,,,,,,,,,['WR'],Tee,,,,,Higgins,1724368255583.0,WR,CIN,,,4.0,1113708806262517760,2020,,,,,,,,,,,,,,189.25,156.0,22.80000000000001,4598.100377258566,-15.821388888888887,2443.1028543818466,176.0511111111111,0.34697235316309266,177.00489955747278
117,,proj,1724831471193,,2024,regular,nfl,season,2024-08-28 07:51:11.193,8137,PIT,rotowire,,71.3,999.0,63.7,57.3,60.2,57.3,60.8,63.6,57.0,999.0,60.8,,1.0,18.0,,,,,,,,177.7,213.2,142.2,2.0,1.0,,10.0,,71.0,14.2,21.3,14.2,7.1,7.1,14.2,107.2,6.0,1072.0,,71.0,,,,,,,,,,,,,,,,,,,,,,,,,['WR'],George,,,,,Pickens,1724861163133.0,WR,PIT,,,2.0,1113708816114937856,2022,,,,,,,,,,,,,,189.25,156.0,21.69999999999999,4598.100377258566,-15.821388888888887,2443.1028543818466,176.0511111111111,0.34697235316309266,176.62322996899337
118,,proj,1724831463177,,2024,regular,nfl,season,2024-08-28 07:51:03.177,1479,CHI,rotowire,,77.2,999.0,116.7,102.9,95.4,102.9,65.5,107.0,64.3,999.0,65.5,,1.0,18.0,,,,,,,,170.4,212.4,128.4,2.0,1.1,,11.0,,84.0,16.8,25.2,16.8,8.4,8.4,16.8,93.3,6.0,933.0,,84.0,,,,,,,,,,,,,,,,,,,,,,,,,['WR'],Keenan,,,,,Allen,1723919121434.0,WR,CHI,,,11.0,1113708763287678977,2013,,,,,,,,,,,,,,189.25,156.0,14.400000000000006,4598.100377258566,-15.821388888888887,2443.1028543818466,176.0511111111111,0.34697235316309266,174.0903317909028
119,,proj,1724831466120,,2024,regular,nfl,season,2024-08-28 07:51:06.120,4950,JAX,rotowire,,76.1,999.0,101.6,89.9,87.7,89.9,67.7,99.2,66.6,999.0,67.7,,1.0,18.0,,,,,,,,178.8,219.3,138.3,2.0,1.1,,11.0,,81.0,16.2,24.3,16.2,8.1,8.1,16.2,103.2,6.0,1032.0,,81.0,,,,,,,,,,,,,,,,,,,,,,,,,['WR'],Christian,Calf,,,Questionable,Kirk,1724720445387.0,WR,JAX,,,6.0,1113708894410010624,2018,,,,,,,,,,,,,,189.25,156.0,22.80000000000001,4598.100377258566,-15.821388888888887,2443.1028543818466,176.0511111111111,0.34697235316309266,177.00489955747278
120,,proj,1724831467601,,2024,regular,nfl,season,2024-08-28 07:51:07.601,5927,WAS,rotowire,,81.1,999.0,92.2,83.2,82.6,83.2,68.0,91.6,68.7,999.0,68.0,,1.0,18.0,,,,,,,,168.9,207.4,130.4,1.0,0.6000000000000001,,6.0,,77.0,15.4,23.1,15.4,7.7,7.7,15.4,101.8,5.0,1018.0,,77.0,,,,,,,,,,,,,,,,,,,,,,,,,['WR'],Terry,,,,,McLaurin,1724287534624.0,WR,WAS,,,5.0,1113708698389213184,2019,,,,,,,,,,,,,,189.25,156.0,12.900000000000006,4598.100377258566,-15.821388888888887,2443.1028543818466,176.0511111111111,0.34697235316309266,173.56987326115816
121,,proj,1724831461598,,2024,regular,nfl,season,2024-08-28 07:51:01.598,11620,CHI,rotowire,,91.6,999.0,39.9,28.5,34.7,28.5,72.8,55.7,72.6,999.0,72.8,,1.0,18.0,,,,,,,,166.3,201.8,130.8,1.0,0.7000000000000001,,7.0,,71.0,14.2,21.3,14.2,7.1,7.1,14.2,96.1,6.0,961.0,,71.0,,,,,,,,,,,,,,,,,,,,,,,,,['WR'],Rome,,,,,Odunze,1724604933876.0,WR,CHI,,,0.0,1113708767121272832,2024,,,,,,,,,,,,,,189.25,156.0,10.300000000000011,4598.100377258566,-15.821388888888887,2443.1028543818466,176.0511111111111,0.34697235316309266,172.6677451429341
122,,proj,1724831460180,,2024,regular,nfl,season,2024-08-28 07:51:00.180,10222,GB,rotowire,,87.5,999.0,81.7,75.5,73.7,75.5,74.1,90.6,74.6,999.0,74.1,,1.0,18.0,,,,,,,,165.7,201.2,130.2,13.0,7.6,1.0,76.0,,71.0,14.2,21.3,14.2,7.1,7.1,14.2,88.6,5.0,886.0,,71.0,,,,,,,,,,,,,,,,,,,,,,,,,['WR'],Jayden,,,,,Reed,1723135532386.0,WR,GB,,,1.0,1113708797341233152,2023,,,,,,,,,,,,,,189.25,156.0,9.699999999999989,4598.100377258566,-15.821388888888887,2443.1028543818466,176.0511111111111,0.34697235316309266,172.45956173103627
123,,proj,1724831461603,,2024,regular,nfl,season,2024-08-28 07:51:01.603,11624,KC,rotowire,,95.7,999.0,65.3,55.5,59.1,55.5,76.3,74.8,76.7,999.0,76.3,,,18.0,,,,,,,,156.0,188.0,124.0,3.0,2.2,,22.0,,64.0,12.8,19.2,12.8,6.4,6.4,12.8,85.8,6.0,858.0,,64.0,,,,,,,,,,,,,,,,,,,,,,,,,['WR'],Xavier,,,,,Worthy,1723998635867.0,WR,KC,,,0.0,1113708749039628288,2024,,,,,,,,,,,,,,189.25,156.0,0.0,4598.100377258566,-15.821388888888887,2443.1028543818466,176.0511111111111,0.34697235316309266,169.09392990535426
124,,proj,1724831464902,,2024,regular,nfl,season,2024-08-28 07:51:04.902,4037,TB,rotowire,,89.3,999.0,107.2,97.1,95.7,97.1,79.3,113.0,75.0,999.0,79.3,,1.0,18.0,,,,,,,,172.1,215.6,128.6,4.0,2.6,,26.0,,87.0,17.4,26.1,17.4,8.7,8.7,17.4,98.0,5.0,980.0,,87.0,,,,,,,,,,,,,,,,,,,,,,,,,['WR'],Chris,,,,,Godwin,1724512520545.0,WR,TB,,,7.0,1113708732514070528,2017,,,,,,,,,,,,,,189.25,156.0,16.099999999999994,4598.100377258566,-15.821388888888887,2443.1028543818466,176.0511111111111,0.34697235316309266,174.68018479128006
