index,pick,player,position,team,bidder,amount
"192","1","M. Ryan","QB","","broadwayed","1"
"191","2","T. Kelce","TE","","getbiggs","42"
"190","3","J. Jefferson","WR","","squeege8","65"
"189","4","C. McCaffrey","RB","","lmamut925","63"
"188","5","A. Ekeler","RB","","lmamut925","59"
"187","6","J. Chase","WR","","squeege8","56"
"186","7","S. Barkley","RB","","jonjak","50"
"185","8","T. Hill","WR","","squeege8","56"
"184","9","A. Brown","WR","","DannyTheSwift","46"
"183","10","N. Chubb","RB","","eqengineering","57"
"182","11","B. Robinson","RB","","broadwayed","50"
"181","12","P. Mahomes","QB","","vrael28","40"
"180","13","C. Lamb","WR","","DannyTheSwift","39"
"179","14","D. Adams","WR","","Nunchuker","44"
"178","15","A. St. Brown","WR","","vrael28","40"
"177","16","S. Diggs","WR","","jonjak","49"
"176","17","D. Henry","RB","","getbiggs","50"
"175","18","G. Wilson","WR","","broadwayed","38"
"174","19","N. Harris","RB","","vrael28","33"
"173","20","J. Taylor","RB","","eqengineering","31"
"172","21","C. Kupp","WR","","klulaj","47"
"171","22","B. Hall","RB","","broadwayed","23"
"170","23","J. Tucker","K","","klulaj","4"
"169","24","J. Allen","QB","","eqengineering","32"
"168","25","J. Jacobs","RB","","eqengineering","41"
"167","26","M. Andrews","TE","","broadwayed","27"
"166","27","T. Pollard","RB","","Nunchuker","50"
"165","28","J. Hurts","QB","","getbiggs","37"
"164","29","T. Higgins","WR","","Nunchuker","26"
"163","30","J. Waddle","WR","","Hurwitz","35"
"162","31","T. Etienne","RB","","klulaj","36"
"161","32","D. Cook","RB","","vrael28","10"
"160","33","C. Olave","WR","","Crogkiller","33"
"159","34","D. Swift","RB","","DannyTheSwift","13"
"158","35","D. Smith","WR","","getbiggs","27"
"157","36","J. Gibbs","RB","","DannyTheSwift","24"
"156","37","R. Stevenson","RB","","klulaj","32"
"155","38","D. Metcalf","WR","","Nunchuker","26"
"154","39","J. Mixon","RB","","Crogkiller","35"
"153","40","L. Jackson","QB","","Hurwitz","28"
"152","41","D. Samuel","WR","","lmamut925","18"
"151","42","C. Ridley","WR","","vrael28","28"
"150","43","K. Allen","WR","","Hurwitz","20"
"149","44","A. Jones","RB","","jonjak","29"
"148","45","A. Cooper","WR","","Crogkiller","29"
"147","46","K. Walker","RB","","Hurwitz","29"
"146","47","T. McLaurin","WR","","getbiggs","13"
"145","48","G. Kittle","TE","","DannyTheSwift","14"
"144","49","J. Burrow","QB","","Crogkiller","20"
"143","50","J. Fields","QB","","DannyTheSwift","17"
"142","51","D. Pierce","RB","","Crogkiller","26"
"141","52","J. Herbert","QB","","lmamut925","10"
"140","53","D. Hopkins","WR","","broadwayed","20"
"139","54","T. Hockenson","TE","","Crogkiller","18"
"138","55","M. Sanders","RB","","getbiggs","16"
"137","56","D. Waller","TE","","vrael28","17"
"136","57","D. London","WR","","Hurwitz","18"
"135","58","A. Mattison","RB","","Hurwitz","18"
"134","59","C. Godwin","WR","","DannyTheSwift","14"
"133","60","C. Akers","RB","","DannyTheSwift","11"
"132","61","D. Moore","WR","","eqengineering","18"
"131","62","J. Dobbins","RB","","klulaj","18"
"130","63","A. Kamara","RB","","DannyTheSwift","14"
"129","64","C. Watson","WR","","klulaj","13"
"128","65","K. Pitts","TE","","lmamut925","7"
"127","66","J. Dotson","WR","","lmamut925","10"
"126","67","M. Williams","WR","","Crogkiller","11"
"125","68","D. Johnson","WR","","vrael28","9"
"124","69","B. Aiyuk","WR","","jonjak","16"
"123","70","M. Evans","WR","","jonjak","12"
"122","71","M. Brown","WR","","klulaj","9"
"121","72","J. Jeudy","WR","","broadwayed","12"
"120","73","T. Lawrence","QB","","squeege8","10"
"119","74","T. Lockett","WR","","Hurwitz","14"
"118","75","J. Conner","RB","","broadwayed","13"
"117","76","D. Goedert","TE","","Hurwitz","9"
"116","77","R. White","RB","","Nunchuker","12"
"115","78","C. Kirk","WR","","lmamut925","14"
"114","79","D. Montgomery","RB","","Nunchuker","17"
"113","80","D. Watson","QB","","Nunchuker","6"
"112","81","I. Pacheco","RB","","jonjak","7"
"111","82","A. Rodgers","QB","","broadwayed","6"
"110","83","M. Pittman","WR","","jonjak","10"
"109","84","J. Williams","RB","","Crogkiller","8"
"108","85","J. Addison","WR","","Hurwitz","8"
"107","86","J. Cook","RB","","Hurwitz","12"
"106","87","A. Dillon","RB","","klulaj","8"
"105","88","T. Tagovailoa","QB","","klulaj","6"
"104","89","J. Smith-Njigba","WR","","vrael28","6"
"103","90","Z. Flowers","WR","","Nunchuker","6"
"102","91","E. Engram","TE","","klulaj","4"
"101","92","K. Herbert","RB","","jonjak","7"
"100","93","M. Thomas","WR","","eqengineering","6"
"99","94","D. Prescott","QB","","jonjak","2"
"98","95","G. Davis","WR","","Crogkiller","5"
"97","96","G. Pickens","WR","","lmamut925","8"
"96","97","B. Cooks","WR","","vrael28","6"
"95","98","B. Robinson","RB","","Nunchuker","4"
"94","99","P. Freiermuth","TE","","jonjak","5"
"93","100","K. Cousins","QB","","jonjak","1"
"92","101","A. Gibson","RB","","klulaj","4"
"91","102","G. Smith","QB","","vrael28","2"
"90","103","D. Njoku","TE","","eqengineering","4"
"89","104","K. Toney","WR","","klulaj","4"
"88","105","C. Sutton","WR","","jonjak","3"
"87","106","Z. Charbonnet","RB","","klulaj","4"
"86","107","J. Smith-Schuster","WR","","getbiggs","4"
"85","108","Q. Johnston","WR","","klulaj","4"
"84","109","O. Beckham","WR","","Crogkiller","4"
"83","110","T. Burks","WR","","getbiggs","3"
"82","111","A. Thielen","WR","","broadwayed","2"
"81","112","R. Penny","RB","","jonjak","5"
"80","113","S. 49ers","DEF","SF","klulaj","4"
"79","114","S. Perine","RB","","lmamut925","3"
"78","115","J. Williams","RB","","Hurwitz","3"
"77","116","D. Harris","RB","","vrael28","1"
"76","117","T. Bigsby","RB","","Nunchuker","2"
"75","118","D. Cowboys","DEF","DAL","Crogkiller","2"
"74","119","P. Eagles","DEF","PHI","Hurwitz","2"
"73","120","A. Richardson","QB","","DannyTheSwift","2"
"72","121","D. Kincaid","TE","","broadwayed","1"
"71","122","D. Schultz","TE","","klulaj","1"
"70","123","N. Jets","DEF","NYJ","jonjak","2"
"69","124","R. Mostert","RB","","squeege8","2"
"68","125","E. Moore","WR","","vrael28","2"
"67","126","R. Bateman","WR","","eqengineering","2"
"66","127","J. Warren","RB","","Nunchuker","1"
"65","128","R. Rice","WR","","vrael28","1"
"64","129","T. Allgeier","RB","","getbiggs","1"
"63","130","B. Bills","DEF","BUF","vrael28","3"
"62","131","T. Bass","K","","squeege8","1"
"61","132","J. Williams","WR","","Crogkiller","1"
"60","133","E. Mitchell","RB","","Crogkiller","2"
"59","134","M. Dolphins","DEF","MIA","eqengineering","1"
"58","135","S. Moore","WR","","Nunchuker","2"
"57","136","E. Elliott","RB","","Crogkiller","2"
"56","137","D. Jones","QB","","Hurwitz","1"
"55","138","M. Mims","WR","","Crogkiller","2"
"54","139","D. Achane","RB","","vrael28","1"
"53","140","A. Lazard","WR","","eqengineering","2"
"52","141","G. Packers","DEF","GB","DannyTheSwift","1"
"51","142","G. Dulcich","TE","","squeege8","1"
"50","143","E. McPherson","K","","Crogkiller","1"
"49","144","J. Elliott","K","","broadwayed","1"
"48","145","D. Singletary","RB","","eqengineering","1"
"47","146","R. Shaheed","WR","","jonjak","1"
"46","147","N. Patriots","DEF","NE","lmamut925","1"
"45","148","H. Butker","K","","Hurwitz","1"
"44","149","C. Okonkwo","TE","","Nunchuker","1"
"43","150","D. Carlson","K","","vrael28","1"
"42","151","B. Ravens","DEF","BAL","getbiggs","1"
"41","152","T. Boyd","WR","","DannyTheSwift","1"
"40","153","J. McKinnon","RB","","squeege8","1"
"39","154","N. Saints","DEF","NO","broadwayed","1"
"38","155","D. Foreman","RB","","eqengineering","1"
"37","156","G. Zuerlein","K","","jonjak","1"
"36","157","J. Hyatt","WR","","lmamut925","1"
"35","158","T. Higbee","TE","","Hurwitz","1"
"34","159","G. Everett","TE","","Nunchuker","1"
"33","160","Y. Koo","K","","getbiggs","1"
"32","161","J. Mingo","WR","","DannyTheSwift","1"
"31","162","V. Jefferson","WR","","squeege8","1"
"30","163","R. Doubs","WR","","broadwayed","1"
"29","164","J. Meyers","WR","","eqengineering","1"
"28","165","G. Gano","K","","lmamut925","1"
"27","166","N. Collins","WR","","Hurwitz","1"
"26","167","J. Sanders","K","","Nunchuker","1"
"25","168","D. Mooney","WR","","getbiggs","1"
"24","169","J. Reed","WR","","DannyTheSwift","1"
"23","170","K. Gainwell","RB","","squeege8","1"
"22","171","K. Miller","RB","","broadwayed","1"
"21","172","C. Hubbard","RB","","eqengineering","1"
"20","173","C. Samuel","WR","","lmamut925","1"
"19","174","W. Commanders","DEF","WAS","Nunchuker","1"
"18","175","C. Kmet","TE","","getbiggs","1"
"17","176","J. Downs","WR","","DannyTheSwift","1"
"16","177","R. Johnson","RB","","squeege8","1"
"15","178","D. Vaughn","RB","","broadwayed","1"
"14","179","B. Purdy","QB","","eqengineering","1"
"13","180","K. Hunt","RB","","lmamut925","1"
"12","181","Z. Jones","WR","","getbiggs","1"
"11","182","R. Patterson","K","","DannyTheSwift","1"
"10","183","D. Broncos","DEF","DEN","squeege8","1"
"9","184","J. Myers","K","","eqengineering","1"
"8","185","J. Goff","QB","","lmamut925","1"
"7","186","M. Gallup","WR","","getbiggs","1"
"6","187","D. Jackson","RB","","squeege8","1"
"5","188","S. LaPorta","TE","","lmamut925","1"
"4","189","M. Valdes-Scantling","WR","","getbiggs","1"
"3","190","J. Ross","WR","","squeege8","1"
"2","191","R. Wilson","QB","","squeege8","1"
"1","192","T. Spears","RB","","squeege8","1"